0, +1.2891e+00, +3.3554e+02, +4.2155e+02, +4.0844e+05, 3.727760e-02, 0.000000e+00, -6.785223e-03, 0.000000e+00,
100, +1.7827e-01, +2.9830e+01, +3.1493e+01, +5.4859e+04, 2.563958e-03, 0.000000e+00, 5.006426e-02, 0.000000e+00,
200, +9.8290e-02, +1.1837e+01, +1.9875e+01, +2.8750e+04, 8.550721e-03, 0.000000e+00, -2.521016e-02, 0.000000e+00,
300, +5.4172e-02, +5.4276e+00, +2.9685e+01, +1.5261e+04, -1.190003e-03, 0.000000e+00, -1.165899e-02, 0.000000e+00,
400, +5.1793e-02, +6.1837e+00, +1.4900e+01, +1.5075e+04, 1.043731e-03, 0.000000e+00, -2.001873e-02, 0.000000e+00,
500, +3.8293e-02, +4.7177e+00, +1.1314e+01, +1.1024e+04, 1.106364e-03, 0.000000e+00, -7.732429e-02, 0.000000e+00,
600, +3.5052e-02, +3.6625e+00, +9.5404e+00, +9.9339e+03, -1.152855e-03, 0.000000e+00, 1.377930e-01, 0.000000e+00,
700, +2.3297e-02, +3.5883e+00, +7.3735e+00, +6.5070e+03, 6.978956e-03, 0.000000e+00, -6.835715e-02, 0.000000e+00,
800, +2.4452e-02, +3.2666e+00, +8.3823e+00, +6.8967e+03, 1.195012e-03, 0.000000e+00, -3.737911e-02, 0.000000e+00,
900, +2.1426e-02, +1.8002e+00, +7.6296e+00, +6.1566e+03, 3.767153e-03, 0.000000e+00, 1.049125e-01, 0.000000e+00,
1000, +2.8713e-02, +1.4820e+00, +6.7728e+00, +8.0175e+03, 3.656333e-06, 0.000000e+00, -1.026742e-01, 0.000000e+00,
1100, +2.4773e-02, +1.8460e+00, +6.8740e+00, +7.1278e+03, -1.068324e-03, 0.000000e+00, 6.579115e-02, 0.000000e+00,
1200, +2.2072e-02, +2.0346e+00, +5.9018e+00, +6.2679e+03, 3.256585e-03, 0.000000e+00, -2.479055e-03, 0.000000e+00,
1300, +2.5008e-02, +1.3258e+00, +7.2498e+00, +7.1562e+03, -7.199808e-04, 0.000000e+00, -4.873362e-02, 0.000000e+00,
1400, +1.8562e-02, +1.2017e+00, +8.1773e+00, +5.1221e+03, 6.589666e-03, 0.000000e+00, 7.294712e-02, 0.000000e+00,
1500, +2.0911e-02, +1.3646e+00, +6.4258e+00, +6.0198e+03, 1.745348e-03, 0.000000e+00, -4.454765e-02, 0.000000e+00,
1600, +2.2105e-02, +1.4474e+00, +4.5292e+00, +6.3629e+03, 1.126838e-04, 0.000000e+00, 2.424650e-02, 0.000000e+00,
1700, +1.9386e-02, +1.2785e+00, +4.6746e+00, +5.4050e+03, 2.897527e-03, 0.000000e+00, -3.651441e-03, 0.000000e+00,
1800, +2.0373e-02, +1.3908e+00, +4.9016e+00, +5.6585e+03, -2.552717e-03, 0.000000e+00, -2.051426e-03, 0.000000e+00,
1900, +1.6727e-02, +1.2557e+00, +4.1801e+00, +4.7151e+03, 4.344526e-03, 0.000000e+00, 1.896745e-02, 0.000000e+00,
2000, +1.6133e-02, +1.0298e+00, +4.7791e+00, +4.5753e+03, 2.359670e-03, 0.000000e+00, -2.944533e-02, 0.000000e+00,
2100, +1.8137e-02, +7.4348e-01, +4.1363e+00, +5.0921e+03, 2.275757e-03, 0.000000e+00, 3.931895e-02, 0.000000e+00,
2200, +1.7374e-02, +8.4434e-01, +4.8721e+00, +4.8666e+03, 3.974958e-03, 0.000000e+00, -3.210226e-02, 0.000000e+00,
2300, +1.6943e-02, +1.1500e+00, +4.3050e+00, +4.6984e+03, -1.657595e-03, 0.000000e+00, 1.838559e-02, 0.000000e+00,
2400, +1.5786e-02, +1.3751e+00, +4.9991e+00, +4.6081e+03, 2.043607e-03, 0.000000e+00, 1.824841e-02, 0.000000e+00,
2500, +1.3669e-02, +1.1350e+00, +3.2697e+00, +3.8425e+03, 6.620942e-04, 0.000000e+00, -4.139464e-02, 0.000000e+00,
2600, +1.4209e-02, +8.4218e-01, +4.0730e+00, +4.0380e+03, 2.665446e-03, 0.000000e+00, 4.910772e-02, 0.000000e+00,
2700, +1.2303e-02, +1.0123e+00, +4.8233e+00, +3.4729e+03, 4.312195e-03, 0.000000e+00, -2.885525e-02, 0.000000e+00,
2800, +1.1074e-02, +1.0785e+00, +4.0860e+00, +3.2544e+03, 4.664353e-04, 0.000000e+00, 5.521882e-03, 0.000000e+00,
2900, +1.1804e-02, +9.0095e-01, +3.1867e+00, +3.3461e+03, 2.648393e-03, 0.000000e+00, 2.415103e-02, 0.000000e+00,
3000, +1.1517e-02, +1.0942e+00, +3.2645e+00, +3.1833e+03, -4.983310e-04, 0.000000e+00, -3.378882e-02, 0.000000e+00,
3100, +9.6525e-03, +5.8867e-01, +3.0784e+00, +2.6791e+03, 1.394984e-03, 0.000000e+00, 3.546321e-02, 0.000000e+00,
3200, +1.1149e-02, +6.8475e-01, +2.9446e+00, +3.1418e+03, 3.235245e-03, 0.000000e+00, -1.751675e-02, 0.000000e+00,
3300, +1.0795e-02, +8.3759e-01, +3.0345e+00, +3.1060e+03, 1.382780e-03, 0.000000e+00, 3.033423e-03, 0.000000e+00,
3400, +1.0912e-02, +6.9071e-01, +3.1544e+00, +3.0899e+03, 4.036042e-03, 0.000000e+00, 1.406270e-02, 0.000000e+00,
3500, +9.9830e-03, +7.1374e-01, +2.4476e+00, +2.8232e+03, 2.861612e-04, 0.000000e+00, -1.802129e-02, 0.000000e+00,
3600, +7.9111e-03, +6.9092e-01, +3.0260e+00, +2.2764e+03, 9.778006e-04, 0.000000e+00, 2.547944e-02, 0.000000e+00,
3700, +6.9834e-03, +5.9989e-01, +2.6985e+00, +1.9570e+03, 1.865367e-03, 0.000000e+00, -1.852991e-02, 0.000000e+00,
3800, +8.7370e-03, +5.1317e-01, +2.3733e+00, +2.4842e+03, 7.485072e-04, 0.000000e+00, 1.238921e-02, 0.000000e+00,
3900, +9.9020e-03, +7.3157e-01, +2.5996e+00, +2.7696e+03, 3.976898e-03, 0.000000e+00, 4.504475e-03, 0.000000e+00,
4000, +8.3497e-03, +5.8895e-01, +2.6796e+00, +2.3924e+03, 1.529301e-03, 0.000000e+00, -1.374225e-02, 0.000000e+00,
4100, +6.9812e-03, +4.6053e-01, +1.6667e+00, +1.9987e+03, 2.020887e-03, 0.000000e+00, 2.481733e-02, 0.000000e+00,
4200, +7.1696e-03, +5.6900e-01, +2.0394e+00, +2.0524e+03, 1.521646e-03, 0.000000e+00, -2.008947e-02, 0.000000e+00,
4300, +6.8072e-03, +6.4448e-01, +2.4281e+00, +1.9701e+03, 1.464836e-04, 0.000000e+00, 1.531357e-02, 0.000000e+00,
4400, +6.6363e-03, +5.4231e-01, +1.7197e+00, +1.9061e+03, 2.800581e-03, 0.000000e+00, 2.783135e-03, 0.000000e+00,
4500, +6.2543e-03, +4.8677e-01, +2.1200e+00, +1.8620e+03, 1.477306e-03, 0.000000e+00, -1.270961e-02, 0.000000e+00,
4600, +6.1843e-03, +4.3800e-01, +2.2996e+00, +1.7387e+03, 2.901788e-03, 0.000000e+00, 2.257094e-02, 0.000000e+00,
4700, +6.9809e-03, +4.2381e-01, +1.6828e+00, +1.9956e+03, 2.164487e-03, 0.000000e+00, -1.669867e-02, 0.000000e+00,
4800, +7.7708e-03, +3.9051e-01, +1.6074e+00, +2.2332e+03, 6.588093e-04, 0.000000e+00, 1.278085e-02, 0.000000e+00,
4900, +6.2641e-03, +5.0627e-01, +1.8487e+00, +1.8000e+03, 2.070523e-03, 0.000000e+00, 1.904146e-03, 0.000000e+00,
5000, +6.2567e-03, +3.8082e-01, +1.4187e+00, +1.7556e+03, 6.529762e-04, 0.000000e+00, -7.893635e-03, 0.000000e+00,
5100, +5.2372e-03, +4.8762e-01, +1.6143e+00, +1.4724e+03, 2.600470e-03, 0.000000e+00, 1.700220e-02, 0.000000e+00,
5200, +5.2319e-03, +3.6288e-01, +1.7440e+00, +1.5280e+03, 2.464979e-03, 0.000000e+00, -1.323805e-02, 0.000000e+00,
5300, +4.7961e-03, +4.1779e-01, +1.3742e+00, +1.3840e+03, 1.605506e-03, 0.000000e+00, 1.198346e-02, 0.000000e+00,
5400, +5.7464e-03, +3.6105e-01, +1.4529e+00, +1.6257e+03, 2.363678e-03, 0.000000e+00, -5.665773e-04, 0.000000e+00,
5500, +5.3645e-03, +3.9044e-01, +1.7123e+00, +1.5084e+03, 4.802515e-04, 0.000000e+00, -3.162578e-03, 0.000000e+00,
5600, +4.5149e-03, +3.3802e-01, +1.8767e+00, +1.2859e+03, 1.858610e-03, 0.000000e+00, 1.304565e-02, 0.000000e+00,
5700, +4.4766e-03, +2.9211e-01, +1.1912e+00, +1.2703e+03, 1.894957e-03, 0.000000e+00, -1.160001e-02, 0.000000e+00,
5800, +4.4068e-03, +3.4052e-01, +1.2684e+00, +1.2577e+03, 1.923678e-03, 0.000000e+00, 1.238552e-02, 0.000000e+00,
5900, +4.9839e-03, +3.5687e-01, +1.5535e+00, +1.3952e+03, 2.815557e-03, 0.000000e+00, -2.413972e-03, 0.000000e+00,
6000, +4.2326e-03, +2.8661e-01, +1.0741e+00, +1.2186e+03, 1.101827e-03, 0.000000e+00, -1.294353e-03, 0.000000e+00,
6100, +3.7307e-03, +2.9516e-01, +1.1807e+00, +1.0508e+03, 1.808913e-03, 0.000000e+00, 1.128854e-02, 0.000000e+00,
6200, +3.5907e-03, +2.8916e-01, +1.0520e+00, +1.0282e+03, 1.284604e-03, 0.000000e+00, -9.894593e-03, 0.000000e+00,
6300, +4.0984e-03, +2.6708e-01, +1.0235e+00, +1.1520e+03, 1.517344e-03, 0.000000e+00, 1.177488e-02, 0.000000e+00,
6400, +4.0808e-03, +2.2986e-01, +9.7240e-01, +1.1744e+03, 2.627517e-03, 0.000000e+00, -2.716683e-03, 0.000000e+00,
6500, +3.8355e-03, +2.9212e-01, +1.1509e+00, +1.0676e+03, 1.639695e-03, 0.000000e+00, -2.017902e-04, 0.000000e+00,
6600, +3.3579e-03, +2.5334e-01, +8.2760e-01, +9.3302e+02, 2.317591e-03, 0.000000e+00, 9.179365e-03, 0.000000e+00,
6700, +3.3535e-03, +2.0780e-01, +9.3373e-01, +9.3939e+02, 1.347128e-03, 0.000000e+00, -7.608259e-03, 0.000000e+00,
6800, +2.6227e-03, +2.3228e-01, +1.1712e+00, +7.6856e+02, 1.267008e-03, 0.000000e+00, 1.053881e-02, 0.000000e+00,
6900, +3.0195e-03, +2.6130e-01, +9.9736e-01, +8.5654e+02, 2.045515e-03, 0.000000e+00, -2.942651e-03, 0.000000e+00,
7000, +3.2903e-03, +2.0885e-01, +7.8930e-01, +9.3315e+02, 1.522601e-03, 0.000000e+00, 1.397380e-03, 0.000000e+00,
7100, +3.5724e-03, +2.7355e-01, +9.5589e-01, +1.0059e+03, 2.536552e-03, 0.000000e+00, 6.830802e-03, 0.000000e+00,
7200, +2.9321e-03, +1.6777e-01, +9.7732e-01, +8.3886e+02, 1.782785e-03, 0.000000e+00, -5.776887e-03, 0.000000e+00,
7300, +2.7243e-03, +1.6906e-01, +6.8580e-01, +7.9470e+02, 1.585985e-03, 0.000000e+00, 9.570946e-03, 0.000000e+00,
7400, +2.8313e-03, +2.0056e-01, +8.5248e-01, +8.0942e+02, 1.766379e-03, 0.000000e+00, -3.024445e-03, 0.000000e+00,
7500, +3.0597e-03, +2.1680e-01, +8.6359e-01, +8.7186e+02, 1.186477e-03, 0.000000e+00, 2.715886e-03, 0.000000e+00,
7600, +2.6055e-03, +1.8488e-01, +6.6314e-01, +7.5626e+02, 2.238662e-03, 0.000000e+00, 5.244298e-03, 0.000000e+00,
7700, +1.9739e-03, +1.9164e-01, +7.9233e-01, +5.7452e+02, 1.873712e-03, 0.000000e+00, -4.483917e-03, 0.000000e+00,
7800, +1.8464e-03, +1.3743e-01, +6.0407e-01, +5.4131e+02, 1.992417e-03, 0.000000e+00, 8.648265e-03, 0.000000e+00,
7900, +2.7787e-03, +1.5180e-01, +6.8240e-01, +7.5508e+02, 1.972790e-03, 0.000000e+00, -2.993024e-03, 0.000000e+00,
8000, +2.5912e-03, +1.6031e-01, +6.8757e-01, +7.4021e+02, 1.238385e-03, 0.000000e+00, 3.426813e-03, 0.000000e+00,
8100, +2.3556e-03, +1.5016e-01, +8.1197e-01, +6.6924e+02, 1.882991e-03, 0.000000e+00, 4.185118e-03, 0.000000e+00,
8200, +1.8923e-03, +1.2981e-01, +5.3072e-01, +5.3441e+02, 1.569435e-03, 0.000000e+00, -3.143300e-03, 0.000000e+00,
8300, +1.8085e-03, +1.6310e-01, +6.0117e-01, +5.2196e+02, 2.021671e-03, 0.000000e+00, 7.589471e-03, 0.000000e+00,
8400, +1.9887e-03, +1.6762e-01, +6.6578e-01, +5.4953e+02, 2.165983e-03, 0.000000e+00, -2.684278e-03, 0.000000e+00,
8500, +1.9386e-03, +1.2146e-01, +4.9766e-01, +5.6019e+02, 1.584609e-03, 0.000000e+00, 3.765034e-03, 0.000000e+00,
8600, +1.9774e-03, +1.3491e-01, +5.5290e-01, +5.7138e+02, 1.908372e-03, 0.000000e+00, 3.248512e-03, 0.000000e+00,
8700, +2.0825e-03, +1.4416e-01, +6.3176e-01, +5.8611e+02, 1.377183e-03, 0.000000e+00, -1.861983e-03, 0.000000e+00,
8800, +1.6925e-03, +8.3972e-02, +5.8612e-01, +4.8314e+02, 1.772037e-03, 0.000000e+00, 6.631677e-03, 0.000000e+00,
8900, +1.9894e-03, +1.1363e-01, +4.1319e-01, +5.6278e+02, 2.005642e-03, 0.000000e+00, -2.273542e-03, 0.000000e+00,
9000, +1.6811e-03, +1.4311e-01, +4.7374e-01, +4.9198e+02, 1.789120e-03, 0.000000e+00, 3.896342e-03, 0.000000e+00,
9100, +1.7808e-03, +1.2047e-01, +4.6788e-01, +4.9832e+02, 2.132395e-03, 0.000000e+00, 2.399081e-03, 0.000000e+00,
9200, +1.5522e-03, +9.4106e-02, +4.2891e-01, +4.4156e+02, 1.524960e-03, 0.000000e+00, -8.377043e-04, 0.000000e+00,
9300, +1.3533e-03, +9.5625e-02, +5.0018e-01, +3.8689e+02, 1.682305e-03, 0.000000e+00, 5.894984e-03, 0.000000e+00,
9400, +1.2828e-03, +9.4729e-02, +3.8693e-01, +3.6357e+02, 1.731139e-03, 0.000000e+00, -1.867246e-03, 0.000000e+00,
9500, +1.6149e-03, +9.5061e-02, +4.0959e-01, +4.4383e+02, 1.687709e-03, 0.000000e+00, 4.072165e-03, 0.000000e+00,
9600, +1.4997e-03, +9.5201e-02, +4.0422e-01, +4.2250e+02, 2.155301e-03, 0.000000e+00, 1.817709e-03, 0.000000e+00,
9700, +1.4205e-03, +1.0146e-01, +5.1005e-01, +4.0837e+02, 1.746109e-03, 0.000000e+00, -1.679401e-04, 0.000000e+00,
9800, +1.1848e-03, +8.3693e-02, +3.4178e-01, +3.2748e+02, 1.858477e-03, 0.000000e+00, 5.179997e-03, 0.000000e+00,
9900, +1.2145e-03, +1.0201e-01, +3.5142e-01, +3.4340e+02, 1.676523e-03, 0.000000e+00, -1.384505e-03, 0.000000e+00,
10000, +1.1684e-03, +9.3235e-02, +4.3498e-01, +3.3526e+02, 1.546048e-03, 0.000000e+00, 4.085843e-03, 0.000000e+00,
10100, +1.2470e-03, +8.3906e-02, +2.9974e-01, +3.6148e+02, 1.953632e-03, 0.000000e+00, 1.439499e-03, 0.000000e+00,
10200, +1.1883e-03, +8.0651e-02, +3.2591e-01, +3.4272e+02, 1.756026e-03, 0.000000e+00, 4.397434e-04, 0.000000e+00,
10300, +1.2298e-03, +8.6334e-02, +3.3956e-01, +3.4078e+02, 2.010765e-03, 0.000000e+00, 4.455013e-03, 0.000000e+00,
10400, +1.0955e-03, +5.3765e-02, +2.7984e-01, +3.0292e+02, 1.817670e-03, 0.000000e+00, -9.342427e-04, 0.000000e+00,
10500, +1.1952e-03, +7.1138e-02, +2.6638e-01, +3.4009e+02, 1.616168e-03, 0.000000e+00, 4.012530e-03, 0.000000e+00,
10600, +1.0495e-03, +7.6886e-02, +3.1035e-01, +2.9790e+02, 1.804850e-03, 0.000000e+00, 1.205305e-03, 0.000000e+00,
10700, +1.0507e-03, +6.3731e-02, +2.4441e-01, +2.9596e+02, 1.612994e-03, 0.000000e+00, 1.009342e-03, 0.000000e+00,
10800, +9.2786e-04, +6.1477e-02, +2.5527e-01, +2.6102e+02, 1.953990e-03, 0.000000e+00, 3.885634e-03, 0.000000e+00,
10900, +8.2400e-04, +6.1426e-02, +3.3476e-01, +2.3118e+02, 1.892561e-03, 0.000000e+00, -5.742817e-04, 0.000000e+00,
11000, +7.7245e-04, +5.6105e-02, +2.5041e-01, +2.1788e+02, 1.791177e-03, 0.000000e+00, 3.855865e-03, 0.000000e+00,
11100, +9.9092e-04, +6.3559e-02, +2.5210e-01, +2.7709e+02, 1.850468e-03, 0.000000e+00, 1.041794e-03, 0.000000e+00,
11200, +9.6970e-04, +6.8428e-02, +2.6616e-01, +2.7713e+02, 1.569569e-03, 0.000000e+00, 1.441738e-03, 0.000000e+00,
11300, +7.9764e-04, +5.0754e-02, +3.0445e-01, +2.2705e+02, 1.814423e-03, 0.000000e+00, 3.416173e-03, 0.000000e+00,
11400, +6.8456e-04, +5.7227e-02, +2.0001e-01, +1.9612e+02, 1.794395e-03, 0.000000e+00, -1.817156e-04, 0.000000e+00,
11500, +7.1757e-04, +6.0946e-02, +2.1586e-01, +2.0600e+02, 1.850133e-03, 0.000000e+00, 3.654447e-03, 0.000000e+00,
11600, +7.5900e-04, +5.9865e-02, +2.6159e-01, +2.1547e+02, 1.948398e-03, 0.000000e+00, 9.155872e-04, 0.000000e+00,
11700, +7.6403e-04, +4.2054e-02, +1.9849e-01, +2.2329e+02, 1.679259e-03, 0.000000e+00, 1.748446e-03, 0.000000e+00,
11800, +6.9113e-04, +4.8350e-02, +2.0424e-01, +2.0017e+02, 1.793320e-03, 0.000000e+00, 3.041579e-03, 0.000000e+00,
11900, +6.7604e-04, +4.6864e-02, +2.0111e-01, +1.9025e+02, 1.683902e-03, 0.000000e+00, 2.130404e-04, 0.000000e+00,
12000, +7.5661e-04, +3.8250e-02, +1.9219e-01, +2.0816e+02, 1.771364e-03, 0.000000e+00, 3.467860e-03, 0.000000e+00,
12100, +7.4686e-04, +4.0652e-02, +1.8157e-01, +2.1202e+02, 1.924995e-03, 0.000000e+00, 8.748705e-04, 0.000000e+00,
12200, +6.5771e-04, +4.8062e-02, +2.2476e-01, +1.8113e+02, 1.782412e-03, 0.000000e+00, 1.929973e-03, 0.000000e+00,
12300, +5.6211e-04, +3.9215e-02, +1.5248e-01, +1.5801e+02, 1.881284e-03, 0.000000e+00, 2.709738e-03, 0.000000e+00,
12400, +5.2689e-04, +4.1293e-02, +1.7787e-01, +1.4879e+02, 1.699052e-03, 0.000000e+00, 5.416753e-04, 0.000000e+00,
12500, +5.4290e-04, +3.5182e-02, +1.9996e-01, +1.5806e+02, 1.714408e-03, 0.000000e+00, 3.295026e-03, 0.000000e+00,
12600, +5.0792e-04, +4.2103e-02, +1.5036e-01, +1.4728e+02, 1.816312e-03, 0.000000e+00, 8.918960e-04, 0.000000e+00,
12700, +6.3192e-04, +4.1964e-02, +1.4446e-01, +1.7484e+02, 1.764725e-03, 0.000000e+00, 2.097869e-03, 0.000000e+00,
12800, +6.3450e-04, +4.0972e-02, +1.7553e-01, +1.7750e+02, 1.926458e-03, 0.000000e+00, 2.411554e-03, 0.000000e+00,
12900, +4.9809e-04, +2.9026e-02, +1.7882e-01, +1.4137e+02, 1.784142e-03, 0.000000e+00, 7.997040e-04, 0.000000e+00,
13000, +4.6510e-04, +3.6210e-02, +1.2759e-01, +1.3562e+02, 1.765944e-03, 0.000000e+00, 3.114529e-03, 0.000000e+00,
13100, +4.6314e-04, +3.3445e-02, +1.3545e-01, +1.3025e+02, 1.765586e-03, 0.000000e+00, 9.659750e-04, 0.000000e+00,
13200, +4.9432e-04, +3.3596e-02, +1.4945e-01, +1.3873e+02, 1.698256e-03, 0.000000e+00, 2.216475e-03, 0.000000e+00,
13300, +4.6047e-04, +3.0654e-02, +1.2082e-01, +1.3472e+02, 1.869206e-03, 0.000000e+00, 2.192010e-03, 0.000000e+00,
13400, +3.9950e-04, +2.8955e-02, +1.5360e-01, +1.1246e+02, 1.807983e-03, 0.000000e+00, 1.019896e-03, 0.000000e+00,
13500, +3.7594e-04, +2.4090e-02, +1.0576e-01, +1.0460e+02, 1.843387e-03, 0.000000e+00, 2.914671e-03, 0.000000e+00,
13600, +4.5262e-04, +2.9944e-02, +1.2267e-01, +1.2803e+02, 1.807151e-03, 0.000000e+00, 1.034906e-03, 0.000000e+00,
13700, +4.2971e-04, +2.3513e-02, +1.2207e-01, +1.2374e+02, 1.700139e-03, 0.000000e+00, 2.290798e-03, 0.000000e+00,
13800, +4.0944e-04, +2.8445e-02, +1.3633e-01, +1.1724e+02, 1.800866e-03, 0.000000e+00, 2.045618e-03, 0.000000e+00,
13900, +3.4181e-04, +2.3343e-02, +9.8259e-02, +9.5797e+01, 1.754026e-03, 0.000000e+00, 1.234276e-03, 0.000000e+00,
14000, +3.4710e-04, +2.8251e-02, +1.0851e-01, +9.4185e+01, 1.846135e-03, 0.000000e+00, 2.734367e-03, 0.000000e+00,
14100, +3.3340e-04, +2.5817e-02, +1.3135e-01, +9.2891e+01, 1.849551e-03, 0.000000e+00, 1.087505e-03, 0.000000e+00,
14200, +3.4150e-04, +2.1424e-02, +9.1077e-02, +9.9480e+01, 1.765821e-03, 0.000000e+00, 2.324242e-03, 0.000000e+00,
14300, +3.6849e-04, +2.4722e-02, +9.1867e-02, +1.0517e+02, 1.803469e-03, 0.000000e+00, 1.928022e-03, 0.000000e+00,
14400, +3.9294e-04, +2.5183e-02, +1.0432e-01, +1.0953e+02, 1.715540e-03, 0.000000e+00, 1.417125e-03, 0.000000e+00,
14500, +3.2386e-04, +1.5534e-02, +1.0007e-01, +9.2427e+01, 1.795823e-03, 0.000000e+00, 2.581854e-03, 0.000000e+00,
14600, +3.1420e-04, +2.2300e-02, +7.7092e-02, +9.1146e+01, 1.824719e-03, 0.000000e+00, 1.174630e-03, 0.000000e+00,
14700, +2.8927e-04, +2.1447e-02, +8.6232e-02, +8.2099e+01, 1.805082e-03, 0.000000e+00, 2.312525e-03, 0.000000e+00,
14800, +2.9054e-04, +2.0065e-02, +8.7069e-02, +8.2517e+01, 1.846893e-03, 0.000000e+00, 1.830222e-03, 0.000000e+00,
14900, +2.7001e-04, +1.8266e-02, +7.1459e-02, +7.9205e+01, 1.743113e-03, 0.000000e+00, 1.559385e-03, 0.000000e+00,
0, +2.4518e-04, +1.8556e-02, +9.6709e-02, +6.5608e+01, 1.775040e-03, 0.000000e+00, 2.461306e-03, 0.000000e+00,
100, +2.1314e-04, +1.3117e-02, +6.7649e-02, +6.0141e+01, 1.772944e-03, 0.000000e+00, 1.271176e-03, 0.000000e+00,
200, +2.7211e-04, +1.8242e-02, +7.9106e-02, +7.7004e+01, 1.784176e-03, 0.000000e+00, 2.303916e-03, 0.000000e+00,
300, +2.6953e-04, +1.8748e-02, +8.0173e-02, +7.5209e+01, 1.854464e-03, 0.000000e+00, 1.750363e-03, 0.000000e+00,
400, +2.4801e-04, +1.6784e-02, +9.2305e-02, +6.9087e+01, 1.787783e-03, 0.000000e+00, 1.663301e-03, 0.000000e+00,
500, +2.0576e-04, +1.6674e-02, +6.3711e-02, +5.8152e+01, 1.805731e-03, 0.000000e+00, 2.341443e-03, 0.000000e+00,
600, +2.1969e-04, +1.9146e-02, +6.6697e-02, +6.2534e+01, 1.762975e-03, 0.000000e+00, 1.363947e-03, 0.000000e+00,
700, +1.9707e-04, +1.5814e-02, +7.5705e-02, +5.7453e+01, 1.754534e-03, 0.000000e+00, 2.287899e-03, 0.000000e+00,
800, +2.2378e-04, +1.3809e-02, +5.6096e-02, +6.5823e+01, 1.816645e-03, 0.000000e+00, 1.712655e-03, 0.000000e+00,
900, +2.2904e-04, +1.6602e-02, +5.8942e-02, +6.5274e+01, 1.790837e-03, 0.000000e+00, 1.745923e-03, 0.000000e+00,
1000, +2.3232e-04, +1.4514e-02, +6.3296e-02, +6.4977e+01, 1.835393e-03, 0.000000e+00, 2.226061e-03, 0.000000e+00,
1100, +1.9048e-04, +9.4132e-03, +5.2077e-02, +5.4429e+01, 1.792538e-03, 0.000000e+00, 1.442447e-03, 0.000000e+00,
1200, +2.0304e-04, +1.2804e-02, +4.7483e-02, +5.9305e+01, 1.764942e-03, 0.000000e+00, 2.261906e-03, 0.000000e+00,
1300, +1.7916e-04, +1.3379e-02, +5.6450e-02, +5.1199e+01, 1.787564e-03, 0.000000e+00, 1.697412e-03, 0.000000e+00,
1400, +1.7684e-04, +1.0591e-02, +4.4467e-02, +4.9635e+01, 1.763359e-03, 0.000000e+00, 1.818530e-03, 0.000000e+00,
1500, +1.5944e-04, +1.0543e-02, +4.9607e-02, +4.4969e+01, 1.824186e-03, 0.000000e+00, 2.136581e-03, 0.000000e+00,
1600, +1.5415e-04, +1.0645e-02, +6.7775e-02, +4.2996e+01, 1.808972e-03, 0.000000e+00, 1.505306e-03, 0.000000e+00,
1700, +1.4253e-04, +9.1761e-03, +4.1180e-02, +4.0072e+01, 1.797992e-03, 0.000000e+00, 2.221963e-03, 0.000000e+00,
1800, +1.8081e-04, +1.3243e-02, +4.6467e-02, +5.0228e+01, 1.797160e-03, 0.000000e+00, 1.686660e-03, 0.000000e+00,
1900, +1.7682e-04, +1.0512e-02, +4.8995e-02, +4.9184e+01, 1.753635e-03, 0.000000e+00, 1.879253e-03, 0.000000e+00,
2000, +1.4277e-04, +8.9775e-03, +5.5625e-02, +4.1332e+01, 1.795872e-03, 0.000000e+00, 2.069605e-03, 0.000000e+00,
2100, +1.2762e-04, +1.0223e-02, +4.0710e-02, +3.5979e+01, 1.791822e-03, 0.000000e+00, 1.574224e-03, 0.000000e+00,
2200, +1.3101e-04, +1.3337e-02, +4.0870e-02, +3.8102e+01, 1.809012e-03, 0.000000e+00, 2.173293e-03, 0.000000e+00,
2300, +1.2795e-04, +1.0886e-02, +4.6649e-02, +3.6851e+01, 1.817499e-03, 0.000000e+00, 1.682407e-03, 0.000000e+00,
2400, +1.4607e-04, +7.2747e-03, +3.5636e-02, +4.2864e+01, 1.774522e-03, 0.000000e+00, 1.915553e-03, 0.000000e+00,
2500, +1.3198e-04, +8.1577e-03, +3.8401e-02, +3.8977e+01, 1.790706e-03, 0.000000e+00, 2.016344e-03, 0.000000e+00,
2600, +1.3532e-04, +8.1850e-03, +3.4629e-02, +3.7551e+01, 1.770477e-03, 0.000000e+00, 1.638121e-03, 0.000000e+00,
2700, +1.2446e-04, +6.9247e-03, +3.4083e-02, +3.5042e+01, 1.792688e-03, 0.000000e+00, 2.135660e-03, 0.000000e+00,
2800, +1.2215e-04, +7.1901e-03, +3.1241e-02, +3.5535e+01, 1.814490e-03, 0.000000e+00, 1.685080e-03, 0.000000e+00,
2900, +1.0874e-04, +8.7930e-03, +3.9870e-02, +3.0891e+01, 1.794606e-03, 0.000000e+00, 1.935327e-03, 0.000000e+00,
3000, +9.8609e-05, +6.7225e-03, +2.7935e-02, +2.8058e+01, 1.807599e-03, 0.000000e+00, 1.966244e-03, 0.000000e+00,
3100, +9.6490e-05, +8.1305e-03, +3.1551e-02, +2.6898e+01, 1.773812e-03, 0.000000e+00, 1.692995e-03, 0.000000e+00,
3200, +9.5545e-05, +6.1863e-03, +4.0934e-02, +2.7478e+01, 1.780241e-03, 0.000000e+00, 2.105831e-03, 0.000000e+00,
3300, +8.8027e-05, +6.5238e-03, +2.6937e-02, +2.5048e+01, 1.793892e-03, 0.000000e+00, 1.698367e-03, 0.000000e+00,
3400, +1.0964e-04, +7.7434e-03, +2.8184e-02, +3.0837e+01, 1.791257e-03, 0.000000e+00, 1.950946e-03, 0.000000e+00,
3500, +1.1492e-04, +1.0121e-02, +3.0596e-02, +3.1839e+01, 1.816774e-03, 0.000000e+00, 1.922418e-03, 0.000000e+00,
3600, +9.0034e-05, +5.4910e-03, +3.2248e-02, +2.5944e+01, 1.790972e-03, 0.000000e+00, 1.735780e-03, 0.000000e+00,
3700, +7.6679e-05, +6.2699e-03, +2.3869e-02, +2.2610e+01, 1.789138e-03, 0.000000e+00, 2.068977e-03, 0.000000e+00,
3800, +8.0076e-05, +6.3652e-03, +2.4066e-02, +2.3052e+01, 1.784376e-03, 0.000000e+00, 1.718451e-03, 0.000000e+00,
3900, +8.2716e-05, +5.9907e-03, +2.7238e-02, +2.3698e+01, 1.777814e-03, 0.000000e+00, 1.962870e-03, 0.000000e+00,
4000, +8.7276e-05, +4.8062e-03, +2.1770e-02, +2.5709e+01, 1.805891e-03, 0.000000e+00, 1.894671e-03, 0.000000e+00,
4100, +7.7159e-05, +1.1002e-02, +2.7035e-02, +2.2819e+01, 1.796218e-03, 0.000000e+00, 1.766662e-03, 0.000000e+00,
4200, +7.4931e-05, +6.5114e-03, +2.0091e-02, +2.0914e+01, 1.803764e-03, 0.000000e+00, 2.035600e-03, 0.000000e+00,
4300, +7.8540e-05, +4.8564e-03, +2.2265e-02, +2.2035e+01, 1.793059e-03, 0.000000e+00, 1.733415e-03, 0.000000e+00,
4400, +7.4301e-05, +4.0538e-03, +2.1784e-02, +2.1604e+01, 1.777468e-03, 0.000000e+00, 1.970627e-03, 0.000000e+00,
4500, +7.4617e-05, +5.2762e-03, +2.5570e-02, +1.9679e+01, 1.792386e-03, 0.000000e+00, 1.876672e-03, 0.000000e+00,
4600, +5.9388e-05, +4.2811e-03, +1.8436e-02, +1.6597e+01, 1.786145e-03, 0.000000e+00, 1.798546e-03, 0.000000e+00,
4700, +5.9110e-05, +1.1608e-02, +2.0678e-02, +1.6455e+01, 1.804183e-03, 0.000000e+00, 2.002935e-03, 0.000000e+00,
4800, +6.1973e-05, +4.5113e-03, +2.5547e-02, +1.7285e+01, 1.801862e-03, 0.000000e+00, 1.748998e-03, 0.000000e+00,
4900, +5.9661e-05, +3.7899e-03, +1.5632e-02, +1.7522e+01, 1.789635e-03, 0.000000e+00, 1.967846e-03, 0.000000e+00,
5000, +6.7647e-05, +5.3801e-03, +1.7178e-02, +1.9005e+01, 1.793008e-03, 0.000000e+00, 1.862838e-03, 0.000000e+00,
5100, +7.1106e-05, +4.1873e-03, +1.8299e-02, +1.9672e+01, 1.778761e-03, 0.000000e+00, 1.827190e-03, 0.000000e+00,
5200, +5.7935e-05, +2.8436e-03, +1.8200e-02, +1.6453e+01, 1.793847e-03, 0.000000e+00, 1.978903e-03, 0.000000e+00,
5300, +5.2365e-05, +5.8142e-03, +1.4629e-02, +1.5434e+01, 1.797609e-03, 0.000000e+00, 1.764544e-03, 0.000000e+00,
5400, +4.9510e-05, +3.7588e-03, +1.4686e-02, +1.4035e+01, 1.797182e-03, 0.000000e+00, 1.961303e-03, 0.000000e+00,
5500, +5.1046e-05, +3.4091e-03, +1.5511e-02, +1.5049e+01, 1.801533e-03, 0.000000e+00, 1.850796e-03, 0.000000e+00,
5600, +5.2317e-05, +3.0712e-03, +1.3484e-02, +1.5377e+01, 1.784021e-03, 0.000000e+00, 1.848203e-03, 0.000000e+00,
5700, +4.6289e-05, +3.2766e-03, +1.8507e-02, +1.2854e+01, 1.789491e-03, 0.000000e+00, 1.959503e-03, 0.000000e+00,
5800, +4.1046e-05, +2.3705e-03, +1.1834e-02, +1.1529e+01, 1.787982e-03, 0.000000e+00, 1.783149e-03, 0.000000e+00,
5900, +4.8760e-05, +3.5270e-03, +1.4133e-02, +1.3714e+01, 1.792823e-03, 0.000000e+00, 1.955295e-03, 0.000000e+00,
6000, +4.7166e-05, +2.7114e-03, +1.4485e-02, +1.3044e+01, 1.803253e-03, 0.000000e+00, 1.842338e-03, 0.000000e+00,
6100, +4.3327e-05, +3.0189e-03, +1.6344e-02, +1.2270e+01, 1.792739e-03, 0.000000e+00, 1.861863e-03, 0.000000e+00,
6200, +3.6232e-05, +2.8412e-03, +1.2041e-02, +1.0104e+01, 1.795269e-03, 0.000000e+00, 1.940527e-03, 0.000000e+00,
6300, +3.7191e-05, +3.1747e-03, +1.2690e-02, +1.0814e+01, 1.786284e-03, 0.000000e+00, 1.800428e-03, 0.000000e+00,
6400, +3.7044e-05, +2.5646e-03, +1.4842e-02, +1.0420e+01, 1.786702e-03, 0.000000e+00, 1.950456e-03, 0.000000e+00,
6500, +3.9540e-05, +2.2788e-03, +1.0107e-02, +1.1655e+01, 1.796172e-03, 0.000000e+00, 1.839218e-03, 0.000000e+00,
6600, +4.0645e-05, +2.8532e-03, +1.0366e-02, +1.1856e+01, 1.793406e-03, 0.000000e+00, 1.872100e-03, 0.000000e+00,
6700, +4.3601e-05, +2.4836e-03, +1.1003e-02, +1.2103e+01, 1.800827e-03, 0.000000e+00, 1.922921e-03, 0.000000e+00,
6800, +3.5260e-05, +1.7812e-03, +9.7482e-03, +1.0041e+01, 1.792212e-03, 0.000000e+00, 1.813822e-03, 0.000000e+00,
6900, +3.4685e-05, +2.4396e-03, +8.6688e-03, +1.0194e+01, 1.788458e-03, 0.000000e+00, 1.943898e-03, 0.000000e+00,
7000, +3.0860e-05, +2.2980e-03, +1.0432e-02, +8.6739e+00, 1.790686e-03, 0.000000e+00, 1.840078e-03, 0.000000e+00,
7100, +3.2521e-05, +2.0121e-03, +8.5531e-03, +9.3376e+00, 1.788033e-03, 0.000000e+00, 1.881791e-03, 0.000000e+00,
7200, +3.0271e-05, +1.9339e-03, +8.6574e-03, +8.9204e+00, 1.798591e-03, 0.000000e+00, 1.908976e-03, 0.000000e+00,
7300, +2.7187e-05, +1.9677e-03, +1.2142e-02, +7.5260e+00, 1.795635e-03, 0.000000e+00, 1.824847e-03, 0.000000e+00,
7400, +2.4931e-05, +1.5417e-03, +7.4040e-03, +7.0013e+00, 1.794616e-03, 0.000000e+00, 1.934909e-03, 0.000000e+00,
7500, +3.1604e-05, +2.3409e-03, +8.7424e-03, +8.7663e+00, 1.792698e-03, 0.000000e+00, 1.841266e-03, 0.000000e+00,
7600, +3.0730e-05, +1.7476e-03, +9.2590e-03, +8.4842e+00, 1.786071e-03, 0.000000e+00, 1.889483e-03, 0.000000e+00,
7700, +2.6606e-05, +1.6774e-03, +9.9974e-03, +7.4934e+00, 1.793063e-03, 0.000000e+00, 1.899563e-03, 0.000000e+00,
7800, +2.2652e-05, +1.8779e-03, +7.5932e-03, +6.3815e+00, 1.792471e-03, 0.000000e+00, 1.835493e-03, 0.000000e+00,
7900, +2.3520e-05, +1.9884e-03, +7.8369e-03, +6.7702e+00, 1.796573e-03, 0.000000e+00, 1.926079e-03, 0.000000e+00,
8000, +2.2041e-05, +1.7201e-03, +8.5893e-03, +6.4083e+00, 1.796786e-03, 0.000000e+00, 1.842010e-03, 0.000000e+00,
8100, +2.5941e-05, +1.2973e-03, +6.6381e-03, +7.6413e+00, 1.790027e-03, 0.000000e+00, 1.893575e-03, 0.000000e+00,
8200, +2.5162e-05, +1.6400e-03, +6.6827e-03, +7.2573e+00, 1.792015e-03, 0.000000e+00, 1.892288e-03, 0.000000e+00,
8300, +2.5636e-05, +1.4370e-03, +6.4299e-03, +7.1243e+00, 1.788483e-03, 0.000000e+00, 1.846198e-03, 0.000000e+00,
8400, +2.1630e-05, +1.2567e-03, +5.9449e-03, +6.1613e+00, 1.793248e-03, 0.000000e+00, 1.918958e-03, 0.000000e+00,
8500, +2.1662e-05, +1.4241e-03, +5.5222e-03, +6.3468e+00, 1.796325e-03, 0.000000e+00, 1.843940e-03, 0.000000e+00,
8600, +1.9101e-05, +1.4984e-03, +7.1371e-03, +5.3886e+00, 1.793846e-03, 0.000000e+00, 1.894885e-03, 0.000000e+00,
8700, +1.9246e-05, +1.1745e-03, +4.9978e-03, +5.5896e+00, 1.795303e-03, 0.000000e+00, 1.885433e-03, 0.000000e+00,
8800, +1.7337e-05, +1.3739e-03, +5.8303e-03, +5.0500e+00, 1.789200e-03, 0.000000e+00, 1.854934e-03, 0.000000e+00,
8900, +1.7581e-05, +1.1873e-03, +7.7571e-03, +4.9586e+00, 1.790702e-03, 0.000000e+00, 1.913232e-03, 0.000000e+00,
9000, +1.5952e-05, +1.0015e-03, +4.5413e-03, +4.4624e+00, 1.792499e-03, 0.000000e+00, 1.847641e-03, 0.000000e+00,
9100, +2.0359e-05, +1.4947e-03, +5.2543e-03, +5.6108e+00, 1.793096e-03, 0.000000e+00, 1.895608e-03, 0.000000e+00,
9200, +2.0200e-05, +1.1405e-03, +5.7632e-03, +5.5979e+00, 1.797061e-03, 0.000000e+00, 1.879580e-03, 0.000000e+00,
9300, +1.5708e-05, +9.1659e-04, +5.9264e-03, +4.5714e+00, 1.792598e-03, 0.000000e+00, 1.861028e-03, 0.000000e+00,
9400, +1.3981e-05, +1.2129e-03, +4.6616e-03, +4.0457e+00, 1.792355e-03, 0.000000e+00, 1.907402e-03, 0.000000e+00,
9500, +1.4269e-05, +1.1893e-03, +4.6974e-03, +4.1200e+00, 1.790759e-03, 0.000000e+00, 1.851971e-03, 0.000000e+00,
9600, +1.4944e-05, +1.0551e-03, +4.9611e-03, +4.3184e+00, 1.790411e-03, 0.000000e+00, 1.896485e-03, 0.000000e+00,
9700, +1.6273e-05, +8.1776e-04, +4.1498e-03, +4.8005e+00, 1.794970e-03, 0.000000e+00, 1.875825e-03, 0.000000e+00,
9800, +1.4651e-05, +9.2482e-04, +4.8481e-03, +4.3090e+00, 1.793644e-03, 0.000000e+00, 1.865799e-03, 0.000000e+00,
9900, +1.4618e-05, +8.0442e-04, +3.6897e-03, +4.0720e+00, 1.795085e-03, 0.000000e+00, 1.901323e-03, 0.000000e+00,
10000, +1.3827e-05, +9.2933e-04, +3.9894e-03, +3.9448e+00, 1.792549e-03, 0.000000e+00, 1.855469e-03, 0.000000e+00,
10100, +1.3073e-05, +7.9215e-04, +3.8816e-03, +3.8117e+00, 1.790276e-03, 0.000000e+00, 1.896594e-03, 0.000000e+00,
10200, +1.2475e-05, +9.2452e-04, +4.6903e-03, +3.5040e+00, 1.792393e-03, 0.000000e+00, 1.874016e-03, 0.000000e+00,
10300, +1.1374e-05, +7.3231e-04, +3.4018e-03, +3.2755e+00, 1.791706e-03, 0.000000e+00, 1.870357e-03, 0.000000e+00,
10400, +1.0554e-05, +9.0760e-04, +3.7982e-03, +2.9425e+00, 1.795080e-03, 0.000000e+00, 1.896105e-03, 0.000000e+00,
10500, +1.1251e-05, +6.7287e-04, +4.8087e-03, +3.1475e+00, 1.794345e-03, 0.000000e+00, 1.858209e-03, 0.000000e+00,
10600, +1.0147e-05, +6.3040e-04, +2.8137e-03, +3.0022e+00, 1.792589e-03, 0.000000e+00, 1.895392e-03, 0.000000e+00,
10700, +1.2404e-05, +9.2739e-04, +3.2721e-03, +3.4707e+00, 1.792545e-03, 0.000000e+00, 1.872813e-03, 0.000000e+00,
10800, +1.3009e-05, +7.2137e-04, +3.5639e-03, +3.6047e+00, 1.790284e-03, 0.000000e+00, 1.874454e-03, 0.000000e+00,
10900, +1.0347e-05, +5.1083e-04, +3.3458e-03, +2.9518e+00, 1.793042e-03, 0.000000e+00, 1.892308e-03, 0.000000e+00,
11000, +9.2058e-06, +7.6519e-04, +2.8450e-03, +2.7327e+00, 1.793573e-03, 0.000000e+00, 1.861155e-03, 0.000000e+00,
11100, +8.5390e-06, +6.8584e-04, +2.7538e-03, +2.4651e+00, 1.793965e-03, 0.000000e+00, 1.893531e-03, 0.000000e+00,
11200, +9.6259e-06, +6.4868e-04, +2.8636e-03, +2.7960e+00, 1.794252e-03, 0.000000e+00, 1.871546e-03, 0.000000e+00,
11300, +9.9570e-06, +5.2403e-04, +2.5218e-03, +2.9397e+00, 1.791322e-03, 0.000000e+00, 1.877302e-03, 0.000000e+00,
11400, +8.6349e-06, +5.9383e-04, +3.3689e-03, +2.5205e+00, 1.792154e-03, 0.000000e+00, 1.889377e-03, 0.000000e+00,
11500, +8.1810e-06, +4.5735e-04, +2.1728e-03, +2.3037e+00, 1.791761e-03, 0.000000e+00, 1.864471e-03, 0.000000e+00,
11600, +8.5938e-06, +6.4039e-04, +2.5911e-03, +2.4341e+00, 1.793058e-03, 0.000000e+00, 1.891970e-03, 0.000000e+00,
11700, +8.3778e-06, +4.6694e-04, +2.6333e-03, +2.3142e+00, 1.794609e-03, 0.000000e+00, 1.870718e-03, 0.000000e+00,
11800, +7.8274e-06, +5.5538e-04, +2.9762e-03, +2.1974e+00, 1.793005e-03, 0.000000e+00, 1.878940e-03, 0.000000e+00,
11900, +7.0221e-06, +5.0404e-04, +2.2440e-03, +1.9544e+00, 1.793258e-03, 0.000000e+00, 1.886541e-03, 0.000000e+00,
12000, +6.6453e-06, +5.8411e-04, +2.4040e-03, +1.9123e+00, 1.791485e-03, 0.000000e+00, 1.867470e-03, 0.000000e+00,
12100, +6.8562e-06, +4.4004e-04, +2.9026e-03, +1.9315e+00, 1.791826e-03, 0.000000e+00, 1.890795e-03, 0.000000e+00,
12200, +7.0013e-06, +4.0314e-04, +1.8866e-03, +2.0749e+00, 1.793262e-03, 0.000000e+00, 1.870798e-03, 0.000000e+00,
12300, +7.4787e-06, +5.6096e-04, +1.9905e-03, +2.1575e+00, 1.793116e-03, 0.000000e+00, 1.880107e-03, 0.000000e+00,
12400, +8.0386e-06, +4.3595e-04, +2.1555e-03, +2.2320e+00, 1.794321e-03, 0.000000e+00, 1.883836e-03, 0.000000e+00,
12500, +6.4783e-06, +3.2916e-04, +1.7989e-03, +1.8455e+00, 1.792674e-03, 0.000000e+00, 1.869691e-03, 0.000000e+00,
12600, +6.0426e-06, +4.6259e-04, +1.7073e-03, +1.7831e+00, 1.792130e-03, 0.000000e+00, 1.889453e-03, 0.000000e+00,
12700, +5.2184e-06, +3.8784e-04, +1.9459e-03, +1.5228e+00, 1.792240e-03, 0.000000e+00, 1.871451e-03, 0.000000e+00,
12800, +6.1466e-06, +3.7371e-04, +1.5758e-03, +1.7720e+00, 1.792057e-03, 0.000000e+00, 1.881261e-03, 0.000000e+00,
12900, +5.9400e-06, +3.6356e-04, +1.5302e-03, +1.7527e+00, 1.793867e-03, 0.000000e+00, 1.881820e-03, 0.000000e+00,
13000, +5.0548e-06, +3.6286e-04, +2.2537e-03, +1.4369e+00, 1.793364e-03, 0.000000e+00, 1.871399e-03, 0.000000e+00,
13100, +4.5938e-06, +2.6223e-04, +1.3117e-03, +1.3330e+00, 1.793292e-03, 0.000000e+00, 1.887764e-03, 0.000000e+00,
13200, +5.6039e-06, +4.3250e-04, +1.6246e-03, +1.5536e+00, 1.792663e-03, 0.000000e+00, 1.872036e-03, 0.000000e+00,
13300, +5.3511e-06, +3.1265e-04, +1.7178e-03, +1.4759e+00, 1.791665e-03, 0.000000e+00, 1.882169e-03, 0.000000e+00,
13400, +4.7558e-06, +3.1990e-04, +1.8207e-03, +1.3373e+00, 1.792795e-03, 0.000000e+00, 1.880581e-03, 0.000000e+00,
13500, +4.3435e-06, +3.4127e-04, +1.4373e-03, +1.2109e+00, 1.792765e-03, 0.000000e+00, 1.873092e-03, 0.000000e+00,
13600, +4.2312e-06, +3.6083e-04, +1.5021e-03, +1.2211e+00, 1.793635e-03, 0.000000e+00, 1.886108e-03, 0.000000e+00,
13700, +4.0780e-06, +2.9268e-04, +1.7011e-03, +1.1476e+00, 1.793484e-03, 0.000000e+00, 1.872425e-03, 0.000000e+00,
13800, +4.6773e-06, +2.6046e-04, +1.2269e-03, +1.3835e+00, 1.792420e-03, 0.000000e+00, 1.882508e-03, 0.000000e+00,
13900, +4.6292e-06, +3.2863e-04, +1.1852e-03, +1.3395e+00, 1.792597e-03, 0.000000e+00, 1.879676e-03, 0.000000e+00,
14000, +4.8334e-06, +2.5528e-04, +1.2714e-03, +1.3437e+00, 1.792007e-03, 0.000000e+00, 1.874772e-03, 0.000000e+00,
14100, +4.0060e-06, +2.1984e-04, +1.0623e-03, +1.1355e+00, 1.792964e-03, 0.000000e+00, 1.884865e-03, 0.000000e+00,
14200, +3.7962e-06, +2.7268e-04, +9.9302e-04, +1.1158e+00, 1.793416e-03, 0.000000e+00, 1.872940e-03, 0.000000e+00,
14300, +3.3608e-06, +2.5612e-04, +1.3174e-03, +9.4660e-01, 1.793141e-03, 0.000000e+00, 1.882407e-03, 0.000000e+00,
14400, +3.7321e-06, +2.1073e-04, +9.0744e-04, +1.0833e+00, 1.793237e-03, 0.000000e+00, 1.878783e-03, 0.000000e+00,
14500, +3.4245e-06, +2.5032e-04, +1.0550e-03, +1.0112e+00, 1.792161e-03, 0.000000e+00, 1.876099e-03, 0.000000e+00,
14600, +3.1760e-06, +2.2286e-04, +1.4600e-03, +8.9185e-01, 1.792455e-03, 0.000000e+00, 1.883923e-03, 0.000000e+00,
14700, +2.8691e-06, +1.6665e-04, +8.2213e-04, +8.0346e-01, 1.792693e-03, 0.000000e+00, 1.873738e-03, 0.000000e+00,
14800, +3.6287e-06, +2.8050e-04, +9.9064e-04, +1.0053e+00, 1.792976e-03, 0.000000e+00, 1.882271e-03, 0.000000e+00,
14900, +3.6094e-06, +1.9965e-04, +1.0907e-03, +9.9809e-01, 1.793583e-03, 0.000000e+00, 1.878008e-03, 0.000000e+00,
0, +2.7978e-06, +1.7798e-04, +1.0755e-03, +8.2054e-01, 1.792826e-03, 0.000000e+00, 1.876967e-03, 0.000000e+00,
100, +2.6298e-06, +2.2306e-04, +8.9144e-04, +7.4006e-01, 1.792761e-03, 0.000000e+00, 1.882971e-03, 0.000000e+00,
200, +2.6107e-06, +2.1530e-04, +9.1498e-04, +7.5498e-01, 1.792376e-03, 0.000000e+00, 1.874596e-03, 0.000000e+00,
300, +2.6938e-06, +1.8588e-04, +9.6354e-04, +7.7892e-01, 1.792442e-03, 0.000000e+00, 1.882233e-03, 0.000000e+00,
400, +3.0071e-06, +1.6507e-04, +7.7274e-04, +8.8900e-01, 1.793181e-03, 0.000000e+00, 1.877593e-03, 0.000000e+00,
500, +2.7844e-06, +1.8673e-04, +8.7567e-04, +8.1023e-01, 1.793029e-03, 0.000000e+00, 1.877599e-03, 0.000000e+00,
600, +2.8003e-06, +1.4301e-04, +7.2818e-04, +7.8008e-01, 1.793279e-03, 0.000000e+00, 1.881969e-03, 0.000000e+00,
700, +2.4455e-06, +1.6510e-04, +7.2399e-04, +6.9956e-01, 1.792740e-03, 0.000000e+00, 1.875257e-03, 0.000000e+00,
800, +2.3040e-06, +1.5442e-04, +6.9610e-04, +6.7431e-01, 1.792404e-03, 0.000000e+00, 1.882115e-03, 0.000000e+00,
900, +2.1981e-06, +1.6246e-04, +8.6181e-04, +6.1755e-01, 1.792689e-03, 0.000000e+00, 1.877482e-03, 0.000000e+00,
1000, +2.2489e-06, +1.2670e-04, +6.2799e-04, +6.4735e-01, 1.792654e-03, 0.000000e+00, 1.878228e-03, 0.000000e+00,
1100, +2.0682e-06, +1.6632e-04, +7.0024e-04, +5.7656e-01, 1.793268e-03, 0.000000e+00, 1.881131e-03, 0.000000e+00,
1200, +2.0442e-06, +1.2809e-04, +9.1575e-04, +5.7297e-01, 1.793100e-03, 0.000000e+00, 1.875747e-03, 0.000000e+00,
1300, +1.8294e-06, +1.1650e-04, +5.1914e-04, +5.2329e-01, 1.792841e-03, 0.000000e+00, 1.881789e-03, 0.000000e+00,
1400, +2.2632e-06, +1.7647e-04, +6.1633e-04, +6.2992e-01, 1.792728e-03, 0.000000e+00, 1.877435e-03, 0.000000e+00,
1500, +2.3463e-06, +1.2460e-04, +6.8102e-04, +6.5003e-01, 1.792379e-03, 0.000000e+00, 1.878804e-03, 0.000000e+00,
1600, +1.8501e-06, +9.4500e-05, +6.1033e-04, +5.2936e-01, 1.792866e-03, 0.000000e+00, 1.880569e-03, 0.000000e+00,
1700, +1.6706e-06, +1.4123e-04, +5.4723e-04, +4.8720e-01, 1.792958e-03, 0.000000e+00, 1.876252e-03, 0.000000e+00,
1800, +1.5876e-06, +1.2405e-04, +5.4430e-04, +4.4979e-01, 1.793097e-03, 0.000000e+00, 1.881369e-03, 0.000000e+00,
1900, +1.7903e-06, +1.1456e-04, +5.2647e-04, +5.1734e-01, 1.793067e-03, 0.000000e+00, 1.877341e-03, 0.000000e+00,
2000, +1.8790e-06, +1.0227e-04, +4.7251e-04, +5.5519e-01, 1.792579e-03, 0.000000e+00, 1.879173e-03, 0.000000e+00,
2100, +1.6511e-06, +1.0513e-04, +6.1816e-04, +4.8259e-01, 1.792692e-03, 0.000000e+00, 1.880156e-03, 0.000000e+00,
2200, +1.5891e-06, +8.6970e-05, +4.1124e-04, +4.4837e-01, 1.792615e-03, 0.000000e+00, 1.876820e-03, 0.000000e+00,
2300, +1.5284e-06, +1.1718e-04, +4.7487e-04, +4.3364e-01, 1.792910e-03, 0.000000e+00, 1.881040e-03, 0.000000e+00,
2400, +1.4953e-06, +8.4108e-05, +4.7939e-04, +4.1217e-01, 1.793141e-03, 0.000000e+00, 1.877296e-03, 0.000000e+00,
2500, +1.4026e-06, +9.9665e-05, +5.4567e-04, +3.9273e-01, 1.792903e-03, 0.000000e+00, 1.879333e-03, 0.000000e+00,
2600, +1.3651e-06, +9.0794e-05, +4.1931e-04, +3.7929e-01, 1.792904e-03, 0.000000e+00, 1.879744e-03, 0.000000e+00,
2700, +1.2753e-06, +1.0638e-04, +4.5052e-04, +3.5317e-01, 1.792569e-03, 0.000000e+00, 1.877324e-03, 0.000000e+00,
2800, +1.2655e-06, +7.7909e-05, +5.5968e-04, +3.5515e-01, 1.792664e-03, 0.000000e+00, 1.880808e-03, 0.000000e+00,
2900, +1.2458e-06, +7.8589e-05, +3.5047e-04, +3.7037e-01, 1.792886e-03, 0.000000e+00, 1.877393e-03, 0.000000e+00,
3000, +1.3660e-06, +1.0831e-04, +3.8162e-04, +3.9203e-01, 1.792920e-03, 0.000000e+00, 1.879432e-03, 0.000000e+00,
3100, +1.4754e-06, +7.6084e-05, +4.1894e-04, +4.0953e-01, 1.793109e-03, 0.000000e+00, 1.879347e-03, 0.000000e+00,
3200, +1.1883e-06, +6.0737e-05, +3.2992e-04, +3.3941e-01, 1.792805e-03, 0.000000e+00, 1.877673e-03, 0.000000e+00,
3300, +1.0707e-06, +8.6791e-05, +3.3213e-04, +3.1733e-01, 1.792718e-03, 0.000000e+00, 1.880559e-03, 0.000000e+00,
3400, +9.6313e-07, +6.8043e-05, +3.6848e-04, +2.6900e-01, 1.792694e-03, 0.000000e+00, 1.877576e-03, 0.000000e+00,
3500, +1.1508e-06, +6.7890e-05, +2.9065e-04, +3.3209e-01, 1.792711e-03, 0.000000e+00, 1.879554e-03, 0.000000e+00,
3600