0, 799, 4,
1.1594202899e+00, 8.0577624830e+02, -1.8438842518e-13, 5.3000000000e+05, 
1.5501585801e+00, 8.9208875067e+02, 1.6552660163e+01, 6.7928542179e+05, 
2.3005733154e+00, 1.0523677706e+03, 3.8168557426e+02, 9.7526227928e+05, 
1.1594202899e+00, 8.0577624830e+02, -4.9612045026e-13, 5.3000000000e+05, 
1.1594202899e+00, 8.0577624830e+02, -6.6111267066e-15, 5.3000000000e+05, 
1.1594202899e+00, 8.0577624830e+02, -2.3307565629e-13, 5.3000000000e+05, 
1.1594202899e+00, 8.0577624830e+02, -1.6297659753e-13, 5.3000000000e+05, 
1.1594202899e+00, 8.0577624830e+02, -9.8978615813e-14, 5.3000000000e+05, 
2.1910347927e+00, 1.0401192524e+03, 2.1784645877e+02, 9.2985409745e+05, 
2.2694418109e+00, 1.0303055631e+03, 3.6205858230e+02, 9.5873324102e+05, 
2.2884396230e+00, 1.0373369744e+03, 3.7903635377e+02, 9.6956792546e+05, 
2.3346333997e+00, 1.0490230890e+03, 3.7882364910e+02, 9.8694790133e+05, 
2.3330103622e+00, 1.0470806811e+03, 3.8199369885e+02, 9.8891915901e+05, 
2.3026290274e+00, 1.0423029541e+03, 3.8086446623e+02, 9.7804880280e+05, 
2.3005800185e+00, 1.0452858484e+03, 3.7953729008e+02, 9.7681099850e+05, 
2.3077208434e+00, 1.0499565642e+03, 3.8258471831e+02, 9.7850851670e+05, 
2.3070623343e+00, 1.0492620961e+03, 3.8160817970e+02, 9.7797060861e+05, 
2.3141521398e+00, 1.0502376619e+03, 3.8205280866e+02, 9.8054492240e+05, 
2.3149482571e+00, 1.0524400967e+03, 3.8334089578e+02, 9.8045205975e+05, 
2.3100811408e+00, 1.0518773775e+03, 3.8303251406e+02, 9.7863792270e+05, 
2.3181081337e+00, 1.0539752247e+03, 3.8272362265e+02, 9.8160445814e+05, 
2.3366934999e+00, 1.0561375202e+03, 3.8345619091e+02, 9.8867835570e+05, 
2.3420609618e+00, 1.0555755443e+03, 3.8437451589e+02, 9.9098864759e+05, 
2.3200385444e+00, 1.0533167994e+03, 3.8554990061e+02, 9.8266214668e+05, 
2.2969783044e+00, 1.0514271743e+03, 3.8419868089e+02, 9.7381950934e+05, 
2.3272926600e+00, 1.0655131340e+03, 3.8346122426e+02, 9.8395323478e+05, 
2.3578620462e+00, 1.0909927623e+03, 3.9125703807e+02, 9.9590394358e+05, 
2.3670989592e+00, 1.1101148783e+03, 4.0021352157e+02, 1.0022561231e+06, 
2.3730253321e+00, 1.1179539744e+03, 4.0679300388e+02, 1.0052301191e+06, 
2.3708296667e+00, 1.1168635387e+03, 4.0793088865e+02, 1.0052875442e+06, 
2.3626507192e+00, 1.1014291144e+03, 4.0193590253e+02, 1.0008592085e+06, 
2.3602296503e+00, 1.0924918525e+03, 3.9892597045e+02, 9.9745224590e+05, 
2.3601414554e+00, 1.0987992641e+03, 4.0237099292e+02, 9.9932212827e+05, 
2.3531850697e+00, 1.0914116551e+03, 4.0086176264e+02, 9.9555671909e+05, 
2.3598380964e+00, 1.0924717639e+03, 4.0180847242e+02, 9.9725928950e+05, 
2.3987194922e+00, 1.1164371526e+03, 4.0685492602e+02, 1.0121516883e+06, 
2.4110286575e+00, 1.1319248708e+03, 4.0885386760e+02, 1.0206121498e+06, 
2.3892051107e+00, 1.1070209218e+03, 3.9955754876e+02, 1.0093292547e+06, 
2.3598282592e+00, 1.0780151759e+03, 3.9942104185e+02, 9.9481743430e+05, 
2.3115839656e+00, 1.1095369688e+03, 4.0900950054e+02, 9.8281090942e+05, 
1.8621510454e+00, 1.0153011649e+03, 2.0864797263e+02, 8.0484421835e+05, 
1.2616457288e+00, 8.4430916401e+02, 3.6341652695e+01, 5.6978813376e+05, 
1.1594202899e+00, 8.0577624830e+02, 9.1612633698e-10, 5.3000000000e+05, 
1.1594202899e+00, 8.0577624830e+02, 4.4568861855e-10, 5.3000000000e+05, 
1.1594202899e+00, 8.0577624830e+02, 4.2079351509e-11, 5.3000000000e+05, 
1.1594202899e+00, 8.0577624830e+02, -1.4623987666e-11, 5.3000000000e+05, 
1.1594202899e+00, 8.0577624830e+02, 3.9429055494e-13, 5.3000000000e+05, 
1.1594202899e+00, 8.0577624830e+02, 1.4140600312e-13, 5.3000000000e+05, 
1.1594202899e+00, 8.0577624830e+02, -3.5743843499e-13, 5.3000000000e+05, 
1.1594202899e+00, 8.0577624830e+02, -1.8600002322e-13, 5.3000000000e+05, 
1.1594202899e+00, 8.0577624830e+02, 3.9175131346e-14, 5.3000000000e+05, 
1.1594202899e+00, 8.0577624830e+02, 7.8718806384e-14, 5.3000000000e+05, 
1.1594202899e+00, 8.0577624830e+02, 2.2761401366e-13, 5.3000000000e+05, 
1.1594202899e+00, 8.0577624830e+02, 5.6509374188e-14, 5.3000000000e+05, 
1.1594202899e+00, 8.0577624830e+02, -4.9834861406e-14, 5.3000000000e+05, 
1.1594202899e+00, 8.0577624830e+02, 5.3855038468e-14, 5.3000000000e+05, 
1.1594202899e+00, 8.0577624830e+02, 8.2188221068e-14, 5.3000000000e+05, 
1.1594202899e+00, 8.0577624830e+02, -9.0515207768e-14, 5.3000000000e+05, 
1.1594202899e+00, 8.0577624830e+02, 2.3436383035e-13, 5.3000000000e+05, 
1.1594202899e+00, 8.0577624830e+02, -1.9732934167e-14, 5.3000000000e+05, 
1.1594202899e+00, 8.0577624830e+02, -5.3245846411e-14, 5.3000000000e+05, 
1.1594202899e+00, 8.0577624830e+02, -9.5008392317e-14, 5.3000000000e+05, 
1.1594202899e+00, 8.0577624830e+02, 9.5581687559e-14, 5.3000000000e+05, 
1.1594202899e+00, 8.0577624830e+02, 6.5018717987e-14, 5.3000000000e+05, 
1.1594202899e+00, 8.0577624830e+02, -2.3174299056e-13, 5.3000000000e+05, 
1.1594202899e+00, 8.0577624830e+02, -2.1592927118e-13, 5.3000000000e+05, 
1.1594202899e+00, 8.0577624830e+02, -3.3977407812e-13, 5.3000000000e+05, 
1.1594202899e+00, 8.0577624830e+02, -1.5411211857e-13, 5.3000000000e+05, 
1.1594202899e+00, 8.0577624830e+02, -9.2435626437e-15, 5.3000000000e+05, 
1.1594202899e+00, 8.0577624830e+02, 2.8410297142e-14, 5.3000000000e+05, 
1.1594202899e+00, 8.0577624830e+02, -1.4582196400e-13, 5.3000000000e+05, 
1.1594202899e+00, 8.0577624830e+02, -1.6559728300e-14, 5.3000000000e+05, 
1.1594202899e+00, 8.0577624830e+02, 7.0274059941e-14, 5.3000000000e+05, 
1.1594202899e+00, 8.0577624830e+02, -4.9727967062e-14, 5.3000000000e+05, 
1.1594202899e+00, 8.0577624830e+02, 1.3607785309e-14, 5.3000000000e+05, 
1.1594202899e+00, 8.0577624830e+02, -4.9887898777e-15, 5.3000000000e+05, 
1.1594202899e+00, 8.0577624830e+02, -2.3847576248e-14, 5.3000000000e+05, 
1.1594202899e+00, 8.0577624830e+02, -1.3274639240e-14, 5.3000000000e+05, 
1.1594202899e+00, 8.0577624830e+02, 1.1781102228e-13, 5.3000000000e+05, 
1.1594202899e+00, 8.0577624830e+02, -8.5508804385e-14, 5.3000000000e+05, 
1.1594202899e+00, 8.0577624830e+02, -1.5858898988e-14, 5.3000000000e+05, 
1.1594202899e+00, 8.0577624830e+02, 7.3875777623e-14, 5.3000000000e+05, 
1.1594202899e+00, 8.0577624830e+02, 3.6538239288e-14, 5.3000000000e+05, 
1.1594202899e+00, 8.0577624830e+02, -9.4708117961e-15, 5.3000000000e+05, 
1.1594202899e+00, 8.0577624830e+02, 1.2460149428e-13, 5.3000000000e+05, 
1.1594202899e+00, 8.0577624830e+02, 2.7978487250e-14, 5.3000000000e+05, 
1.1594202899e+00, 8.0577624830e+02, 1.9549034801e-14, 5.3000000000e+05, 
1.1594202899e+00, 8.0577624830e+02, 8.8960162175e-14, 5.3000000000e+05, 
1.1594202899e+00, 8.0577624830e+02, -2.0294686483e-14, 5.3000000000e+05, 
1.1594202899e+00, 8.0577624830e+02, 5.5629245056e-28, 5.3000000000e+05, 
1.1594202899e+00, 8.0577624830e+02, -1.8586884330e-14, 5.3000000000e+05, 
1.1594202899e+00, 8.0577624830e+02, 5.8974826929e-14, 5.3000000000e+05, 
1.1594202899e+00, 8.0577624830e+02, -4.8047431394e-16, 5.3000000000e+05, 
1.1594202899e+00, 8.0577624830e+02, 1.4224929798e-14, 5.3000000000e+05, 
1.1594202899e+00, 8.0577624830e+02, 5.6665621937e-15, 5.3000000000e+05, 
1.1594202899e+00, 8.0577624830e+02, 4.7548765168e-14, 5.3000000000e+05, 
1.1594202899e+00, 8.0577624830e+02, 7.1504842093e-14, 5.3000000000e+05, 
1.1594202899e+00, 8.0577624830e+02, -3.5086875208e-11, 5.3000000000e+05, 
1.1594202899e+00, 8.0577624830e+02, -2.1235282787e-13, 5.3000000000e+05, 
1.1594202899e+00, 8.0577624830e+02, 6.4816095830e-13, 5.3000000000e+05, 
1.1594202899e+00, 8.0577624830e+02, 6.4436958399e-15, 5.3000000000e+05, 
1.1594202899e+00, 8.0577624830e+02, -4.6845099241e-14, 5.3000000000e+05, 
1.1650022409e+00, 8.0869876483e+02, 1.7109110811e+00, 5.3239770243e+05, 
2.3483477783e+00, 1.1010099532e+03, 4.0533194293e+02, 9.9640847800e+05, 
1.1594202899e+00, 8.0577624830e+02, -2.9251800861e-13, 5.3000000000e+05, 
1.1594202899e+00, 8.0577624830e+02, 1.0993289593e-13, 5.3000000000e+05, 
2.3764338235e+00, 1.1181848274e+03, 4.0539458192e+02, 1.0066121327e+06, 
1.1594202898e+00, 8.0577624829e+02, 3.0445053560e-14, 5.3000000000e+05, 
1.1594202899e+00, 8.0577624830e+02, -2.3867527694e-13, 5.3000000000e+05, 
1.1594202899e+00, 8.0577624830e+02, 1.9660283538e-13, 5.3000000000e+05, 
1.1594202899e+00, 8.0577624830e+02, -1.1155324020e-13, 5.3000000000e+05, 
2.3475362924e+00, 1.0871211030e+03, 3.9656861078e+02, 9.9148324259e+05, 
1.1594202899e+00, 8.0577624830e+02, -2.0434407485e-13, 5.3000000000e+05, 
1.1594202899e+00, 8.0577624830e+02, 1.0623695874e-14, 5.3000000000e+05, 
1.1594202899e+00, 8.0577624830e+02, 1.1539461415e-13, 5.3000000000e+05, 
1.1594202899e+00, 8.0577624830e+02, -1.1889004696e-13, 5.3000000000e+05, 
1.1594202899e+00, 8.0577624830e+02, -2.3541510065e-14, 5.3000000000e+05, 
2.1858791957e+00, 1.0931228799e+03, 3.4240842039e+02, 9.3445913151e+05, 
1.1594202898e+00, 8.0577624827e+02, 5.4999478744e-10, 5.2999999999e+05, 
1.1594202899e+00, 8.0577624830e+02, 9.8520289110e-14, 5.3000000000e+05, 
1.2894515849e+00, 8.5386617877e+02, 4.8379375456e+01, 5.8165531837e+05, 
2.3709829551e+00, 1.1111324789e+03, 4.0862875796e+02, 1.0041850907e+06, 
1.1594202899e+00, 8.0577624830e+02, -1.3173828316e-14, 5.3000000000e+05, 
2.3845401445e+00, 1.1169647662e+03, 4.0396247504e+02, 1.0097360048e+06, 
1.6191584783e+00, 9.4416707140e+02, 1.5121664307e+02, 7.1253177685e+05, 
1.1594202899e+00, 8.0577624830e+02, -3.5441860912e-14, 5.3000000000e+05, 
1.9124918216e+00, 9.8403815727e+02, 2.4024725909e+02, 8.1628890942e+05, 
1.1594202899e+00, 8.0577624830e+02, -2.5742306174e-13, 5.3000000000e+05, 
1.1594202899e+00, 8.0577624830e+02, 6.7614143928e-14, 5.3000000000e+05, 
1.1594202899e+00, 8.0577624829e+02, -3.8127315499e-13, 5.3000000000e+05, 
1.1594202899e+00, 8.0577624830e+02, 8.9387063541e-14, 5.3000000000e+05, 
2.3722869276e+00, 1.1066524076e+03, 4.0332723726e+02, 1.0052694338e+06, 
1.1594202899e+00, 8.0577624830e+02, -7.3513766391e-14, 5.3000000000e+05, 
1.1594202899e+00, 8.0577624830e+02, 4.9730395184e-14, 5.3000000000e+05, 
1.1594202899e+00, 8.0577624830e+02, -3.5546906022e-14, 5.3000000000e+05, 
1.1594202899e+00, 8.0577624830e+02, 1.5568522466e-13, 5.3000000000e+05, 
2.3613577330e+00, 1.1079993795e+03, 4.0461419646e+02, 1.0012301894e+06, 
1.1594202899e+00, 8.0577624830e+02, -2.2205032757e-13, 5.3000000000e+05, 
1.7077561201e+00, 9.8092515857e+02, 1.8281859789e+02, 7.4675645373e+05, 
1.1594202899e+00, 8.0577624830e+02, -5.3715775973e-14, 5.3000000000e+05, 
1.1594202899e+00, 8.0577624830e+02, -2.1376343457e-13, 5.3000000000e+05, 
1.1594202899e+00, 8.0577624830e+02, 1.1107164181e-12, 5.3000000000e+05, 
2.3663282107e+00, 1.1011418136e+03, 3.9907728887e+02, 9.9984698964e+05, 
1.1594202899e+00, 8.0577624830e+02, -2.2420769478e-14, 5.3000000000e+05, 
1.1594202899e+00, 8.0577624830e+02, -1.4567552327e-13, 5.3000000000e+05, 
1.1594202899e+00, 8.0577624833e+02, 2.1729013965e-08, 5.3000000003e+05, 
1.2417446029e+00, 8.3668363060e+02, 2.6235276101e+01, 5.6261722800e+05, 
1.3661147420e+00, 8.8241376596e+02, 4.7162720773e+01, 6.1204263567e+05, 
1.1594202899e+00, 8.0577624830e+02, -3.9993100519e-14, 5.3000000000e+05, 
1.1594202899e+00, 8.0577624830e+02, 1.3725127281e-14, 5.3000000000e+05, 
2.4031036506e+00, 1.1320451192e+03, 4.0380289056e+02, 1.0202646136e+06, 
1.1594202899e+00, 8.0577624830e+02, 8.6066583401e-15, 5.3000000000e+05, 
1.1594202899e+00, 8.0577624830e+02, -7.1908112491e-13, 5.3000000000e+05, 
1.1594202899e+00, 8.0577624830e+02, -1.6020998475e-13, 5.3000000000e+05, 
1.1594202899e+00, 8.0577624830e+02, 1.5695136264e-13, 5.3000000000e+05, 
1.1594202899e+00, 8.0577624830e+02, 1.0181423078e-12, 5.3000000000e+05, 
1.1594202899e+00, 8.0577624830e+02, 4.5047000888e-13, 5.3000000000e+05, 
1.1594202899e+00, 8.0577624830e+02, -4.4911938919e-14, 5.3000000000e+05, 
2.3898409152e+00, 1.1214152448e+03, 4.0377837458e+02, 1.0134387646e+06, 
1.1594202899e+00, 8.0577624830e+02, 1.0256914996e-13, 5.3000000000e+05, 
1.1594202899e+00, 8.0577624830e+02, -4.8275232715e-14, 5.3000000000e+05, 
1.2078611202e+00, 8.2783108521e+02, 1.6170358857e+01, 5.4955594494e+05, 
1.1594202899e+00, 8.0577624830e+02, -2.2573242898e-13, 5.3000000000e+05, 
2.3716435665e+00, 1.0957054987e+03, 3.9583969512e+02, 1.0013839362e+06, 
1.1594202899e+00, 8.0577624830e+02, 7.9759423330e-14, 5.3000000000e+05, 
1.1594202899e+00, 8.0577624830e+02, -4.6014334545e-14, 5.3000000000e+05, 
1.1594261742e+00, 8.0577934572e+02, 1.7840098930e-03, 5.3000250801e+05, 
1.1594202899e+00, 8.0577624830e+02, -4.6358128165e-14, 5.3000000000e+05, 
1.7870931795e+00, 9.9967610886e+02, 2.1237439867e+02, 7.7964123558e+05, 
2.3649488457e+00, 1.0968791664e+03, 4.0149489243e+02, 9.9996318175e+05, 
2.3514014566e+00, 1.0873626127e+03, 3.9611661831e+02, 9.9296677340e+05, 
1.1594202899e+00, 8.0577624830e+02, 1.4447938323e-13, 5.3000000000e+05, 
1.1594202899e+00, 8.0577624830e+02, -6.8796101218e-14, 5.3000000000e+05, 
1.1594202899e+00, 8.0577624830e+02, 1.1241457608e-13, 5.3000000000e+05, 
1.1594202899e+00, 8.0577624830e+02, -7.2517823748e-14, 5.3000000000e+05, 
1.1594202899e+00, 8.0577624830e+02, -6.6037557824e-14, 5.3000000000e+05, 
1.1594202899e+00, 8.0577624830e+02, 1.0336144137e-13, 5.3000000000e+05, 
1.1594202899e+00, 8.0577624830e+02, 1.0383691966e-14, 5.3000000000e+05, 
1.1594202899e+00, 8.0577624830e+02, 1.0257930367e-13, 5.3000000000e+05, 
1.1594202899e+00, 8.0577624830e+02, -1.4061933210e-13, 5.3000000000e+05, 
1.1746304229e+00, 8.1341285020e+02, 4.7883885432e+00, 5.3639807878e+05, 
1.1594202899e+00, 8.0577624830e+02, -1.0738899467e-13, 5.3000000000e+05, 
1.1594202899e+00, 8.0577624830e+02, 8.2757740113e-15, 5.3000000000e+05, 
1.1594202899e+00, 8.0577624830e+02, 7.2130170788e-14, 5.3000000000e+05, 
1.1594202919e+00, 8.0577624940e+02, 6.4105458491e-07, 5.3000000089e+05, 
1.5127370197e+00, 9.1356650568e+02, 1.1565928198e+02, 6.7110196939e+05, 
2.4025662624e+00, 1.1228937495e+03, 4.0797689042e+02, 1.0164714168e+06, 
1.1594219926e+00, 8.0577714389e+02, 5.4064898092e-04, 5.3000072523e+05, 
2.3712927784e+00, 1.1172914809e+03, 4.0763281256e+02, 1.0046994486e+06, 
2.3591228292e+00, 1.0848249525e+03, 3.9561924168e+02, 9.9431809694e+05, 
1.1594295340e+00, 8.0578092725e+02, 2.8566399916e-03, 5.3000380910e+05, 
1.1594202899e+00, 8.0577624830e+02, 6.2948515976e-14, 5.3000000000e+05, 
1.7740097556e+00, 9.8728091469e+02, 2.0938428942e+02, 7.7060717726e+05, 
1.1594202899e+00, 8.0577624830e+02, -1.4382766284e-13, 5.3000000000e+05, 
1.1594202899e+00, 8.0577624830e+02, 5.6994436708e-14, 5.3000000000e+05, 
1.1594202899e+00, 8.0577624830e+02, -1.2107055505e-13, 5.3000000000e+05, 
1.1594202899e+00, 8.0577624830e+02, 1.1693498913e-13, 5.3000000000e+05, 
1.1594202899e+00, 8.0577624830e+02, -7.1672956376e-15, 5.3000000000e+05, 
2.4141895504e+00, 1.1403874195e+03, 4.1346772892e+02, 1.0261315874e+06, 
1.1594202899e+00, 8.0577624830e+02, -1.1533919837e-13, 5.3000000000e+05, 
1.1594202899e+00, 8.0577624830e+02, 9.0618543455e-15, 5.3000000000e+05, 
2.3436293434e+00, 1.0771194432e+03, 3.9411918886e+02, 9.8940836092e+05, 
2.3901957225e+00, 1.1212124122e+03, 4.0492339804e+02, 1.0123169722e+06, 
2.3549311359e+00, 1.0754351435e+03, 3.9722064623e+02, 9.9147789919e+05, 
2.4152399398e+00, 1.1262072063e+03, 4.1661838961e+02, 1.0232318641e+06, 
2.3605603383e+00, 1.0904107009e+03, 3.9912430256e+02, 9.9728352913e+05, 
1.1594202899e+00, 8.0577624830e+02, 2.3660387050e-09, 5.3000000000e+05, 
1.1595374685e+00, 8.0583765324e+02, 3.6531393828e-02, 5.3004974807e+05, 
1.1594202899e+00, 8.0577624830e+02, -3.3600431108e-13, 5.3000000000e+05, 
1.1594202899e+00, 8.0577624830e+02, 8.9264582708e-14, 5.3000000000e+05, 
2.3470885563e+00, 1.0789112855e+03, 3.9371002185e+02, 9.9006244126e+05, 
1.1594202899e+00, 8.0577624830e+02, 2.4548935358e-14, 5.3000000000e+05, 
1.1594202899e+00, 8.0577624830e+02, 1.0503615666e-12, 5.3000000000e+05, 
2.3697681294e+00, 1.0885136970e+03, 3.9114739868e+02, 9.9962899741e+05, 
1.1594202899e+00, 8.0577624830e+02, 1.9850973360e-13, 5.3000000000e+05, 
1.1594202899e+00, 8.0577624830e+02, 1.9215703280e-13, 5.3000000000e+05, 
1.1594202899e+00, 8.0577624830e+02, -6.3654530762e-14, 5.3000000000e+05, 
2.1490678884e+00, 1.0414595654e+03, 3.3325093773e+02, 9.1479198203e+05, 
1.1594202899e+00, 8.0577624830e+02, 1.0465934036e-14, 5.3000000000e+05, 
1.1594202899e+00, 8.0577624830e+02, -5.5536694263e-14, 5.3000000000e+05, 
2.3774956270e+00, 1.1199041274e+03, 4.0679874879e+02, 1.0080517852e+06, 
2.3472366917e+00, 1.0782033969e+03, 3.9089611993e+02, 9.9105383354e+05, 
1.1594202899e+00, 8.0577624830e+02, -2.4323838376e-13, 5.3000000000e+05, 
1.1594202899e+00, 8.0577624830e+02, -2.1704084490e-13, 5.3000000000e+05, 
1.1594202899e+00, 8.0577624830e+02, -1.6731985506e-13, 5.3000000000e+05, 
1.1594202899e+00, 8.0577624830e+02, 6.6062007586e-14, 5.3000000000e+05, 
1.1594202899e+00, 8.0577624830e+02, -2.2719933383e-13, 5.3000000000e+05, 
1.1594202899e+00, 8.0577624830e+02, 6.0810216229e-13, 5.3000000000e+05, 
1.1594202899e+00, 8.0577624830e+02, 1.8489684524e-13, 5.3000000000e+05, 
1.1594202899e+00, 8.0577624830e+02, -1.4524059831e-14, 5.3000000000e+05, 
1.1594202899e+00, 8.0577624830e+02, 3.5123653983e-10, 5.3000000000e+05, 
1.1594202899e+00, 8.0577624830e+02, -6.3508579152e-14, 5.3000000000e+05, 
1.1595470478e+00, 8.0584606499e+02, 4.0076669920e-02, 5.3005617742e+05, 
1.1594202899e+00, 8.0577624830e+02, 5.3454482050e-14, 5.3000000000e+05, 
1.1594202899e+00, 8.0577624830e+02, 4.8121032815e-15, 5.3000000000e+05, 
1.1594202899e+00, 8.0577624830e+02, -7.9791064408e-14, 5.3000000000e+05, 
1.1594202899e+00, 8.0577624830e+02, -1.4022024768e-11, 5.3000000000e+05, 
1.1594202899e+00, 8.0577624830e+02, 1.1447476836e-13, 5.3000000000e+05, 
1.1594202899e+00, 8.0577624830e+02, -1.1261672331e-13, 5.3000000000e+05, 
1.1594202899e+00, 8.0577624830e+02, -2.1551982183e-14, 5.3000000000e+05, 
1.1594202899e+00, 8.0577624829e+02, -2.9072079325e-12, 5.3000000000e+05, 
2.3671800871e+00, 1.1048278336e+03, 3.9944439645e+02, 1.0031720207e+06, 
1.1594202899e+00, 8.0577624830e+02, 5.8274610801e-14, 5.3000000000e+05, 
1.1594202899e+00, 8.0577624830e+02, 4.5024691940e-14, 5.3000000000e+05, 
2.3655370054e+00, 1.1003447178e+03, 4.0462135083e+02, 1.0016341194e+06, 
2.3548275524e+00, 1.0730303186e+03, 3.9267491376e+02, 9.9337231337e+05, 
1.1594202899e+00, 8.0577624830e+02, -6.0312489071e-14, 5.3000000000e+05, 
1.1594202899e+00, 8.0577624830e+02, 1.0084099543e-13, 5.3000000000e+05, 
1.1594202899e+00, 8.0577624830e+02, -4.7179209810e-14, 5.3000000000e+05, 
1.1594202899e+00, 8.0577624830e+02, 7.9720859052e-14, 5.3000000000e+05, 
1.1594202899e+00, 8.0577624830e+02, 1.9700708123e-13, 5.3000000000e+05, 
1.1594202899e+00, 8.0577624830e+02, 5.6654917839e-13, 5.3000000000e+05, 
1.1594202899e+00, 8.0577624830e+02, 1.2844466181e-14, 5.3000000000e+05, 
1.1623454524e+00, 8.0736632979e+02, 9.2597956348e-01, 5.3128717948e+05, 
1.4539578005e+00, 9.0783412306e+02, 9.5865167304e+01, 6.4782546121e+05, 
1.1594202900e+00, 8.0577624840e+02, 6.4889426219e-08, 5.3000000009e+05, 
1.1594202899e+00, 8.0577624830e+02, -1.2523878224e-13, 5.3000000000e+05, 
1.1594202899e+00, 8.0577624830e+02, -2.1533238771e-14, 5.3000000000e+05, 
1.1594202899e+00, 8.0577624830e+02, -4.7922287096e-14, 5.3000000000e+05, 
1.1594202899e+00, 8.0577624830e+02, 6.4734364037e-14, 5.3000000000e+05, 
1.1594202899e+00, 8.0577624830e+02, -7.5216028677e-14, 5.3000000000e+05, 
1.1594202899e+00, 8.0577624830e+02, 4.3065824804e-15, 5.3000000000e+05, 
2.1338356148e+00, 1.0579169487e+03, 3.1335323151e+02, 9.0688805519e+05, 
1.1594202899e+00, 8.0577624830e+02, -1.9144509013e-11, 5.3000000000e+05, 
1.1594202899e+00, 8.0577624830e+02, 1.5711883262e-14, 5.3000000000e+05, 
1.9910264268e+00, 1.0347040904e+03, 2.6515163127e+02, 8.5706973853e+05, 
2.3512982529e+00, 1.0958924160e+03, 4.0095072742e+02, 9.9546565635e+05, 
2.2908176169e+00, 1.0691053875e+03, 3.7146729280e+02, 9.6686166532e+05, 
1.1594202899e+00, 8.0577624830e+02, -2.0768263501e-13, 5.3000000000e+05, 
2.3828039525e+00, 1.1195490340e+03, 4.0558130077e+02, 1.0094975701e+06, 
1.2168199573e+00, 8.3019896011e+02, 1.8710206111e+01, 5.5293639667e+05, 
1.1594202899e+00, 8.0577624830e+02, -5.1312061456e-12, 5.3000000000e+05, 
1.1594202899e+00, 8.0577624830e+02, 1.1246536797e-13, 5.3000000000e+05, 
1.1594202899e+00, 8.0577624830e+02, 1.5443007279e-14, 5.3000000000e+05, 
1.1594202899e+00, 8.0577624830e+02, 1.8518122321e-13, 5.3000000000e+05, 
2.3388476526e+00, 1.0718067708e+03, 3.8904993983e+02, 9.8751599423e+05, 
1.1594202899e+00, 8.0577624830e+02, -2.3817450633e-13, 5.3000000000e+05, 
1.1594202899e+00, 8.0577624830e+02, -1.2130826169e-13, 5.3000000000e+05, 
2.3525224646e+00, 1.0962694443e+03, 4.0533064542e+02, 9.9594649143e+05, 
1.1594202899e+00, 8.0577624830e+02, -3.0003225650e-14, 5.3000000000e+05, 
1.1594202899e+00, 8.0577624830e+02, 3.7330392842e-14, 5.3000000000e+05, 
1.1594202899e+00, 8.0577624830e+02, 1.0028839783e-13, 5.3000000000e+05, 
1.1594202899e+00, 8.0577624830e+02, -9.4161961390e-14, 5.3000000000e+05, 
1.1594202899e+00, 8.0577624830e+02, 1.3186293427e-13, 5.3000000000e+05, 
1.1594202899e+00, 8.0577624830e+02, -2.0735509886e-14, 5.3000000000e+05, 
1.1594202899e+00, 8.0577624830e+02, -3.8968534803e-14, 5.3000000000e+05, 
1.1594202899e+00, 8.0577624830e+02, -5.4949670252e-14, 5.3000000000e+05, 
1.1594202899e+00, 8.0577624830e+02, 5.2922377109e-14, 5.3000000000e+05, 
1.1594202899e+00, 8.0577624830e+02, -1.2713798540e-13, 5.3000000000e+05, 
2.3611191338e+00, 1.0732448017e+03, 3.8686974520e+02, 9.9485470961e+05, 
1.1594202899e+00, 8.0577624830e+02, 1.7117621224e-13, 5.3000000000e+05, 
1.1594202899e+00, 8.0577624830e+02, -3.4207824712e-14, 5.3000000000e+05, 
1.1594202899e+00, 8.0577624830e+02, 1.9370287361e-13, 5.3000000000e+05, 
2.3533479493e+00, 1.0828446948e+03, 3.9386366269e+02, 9.9253080060e+05, 
1.1594202899e+00, 8.0577624831e+02, 1.1892353161e-08, 5.3000000002e+05, 
2.3364639411e+00, 1.0716178098e+03, 3.9680706649e+02, 9.8528843118e+05, 
2.3705983696e+00, 1.1164887737e+03, 4.0654839809e+02, 1.0053163035e+06, 
1.1594202899e+00, 8.0577624830e+02, -3.5360008992e-14, 5.3000000000e+05, 
1.1594202899e+00, 8.0577624830e+02, -7.0091715721e-14, 5.3000000000e+05, 
1.1594202899e+00, 8.0577624830e+02, 2.3478913905e-14, 5.3000000000e+05, 
2.3888646929e+00, 1.1128520500e+03, 4.0226371365e+02, 1.0102351067e+06, 
1.4356029615e+00, 9.0833490181e+02, 1.0224572634e+02, 6.4119495014e+05, 
1.1594202899e+00, 8.0577624830e+02, -2.4778176769e-13, 5.3000000000e+05, 
1.1594202899e+00, 8.0577624830e+02, -2.5851881295e-14, 5.3000000000e+05, 
1.1594202899e+00, 8.0577624830e+02, 2.0168714646e-12, 5.3000000000e+05, 
1.1594202899e+00, 8.0577624830e+02, -3.7177123078e-14, 5.3000000000e+05, 
1.1594202899e+00, 8.0577624830e+02, -6.0200713619e-14, 5.3000000000e+05, 
1.1594202899e+00, 8.0577624830e+02, -3.5367803470e-14, 5.3000000000e+05, 
1.1594202899e+00, 8.0577624830e+02, 8.9859772915e-14, 5.3000000000e+05, 
1.1594202899e+00, 8.0577624830e+02, -2.2576260342e-13, 5.3000000000e+05, 
2.3632674758e+00, 1.1139263806e+03, 4.0740471016e+02, 1.0033981780e+06, 
2.2739441241e+00, 1.1003938271e+03, 3.7086094065e+02, 9.6978113741e+05, 
2.3309349480e+00, 1.0676578354e+03, 3.8896570397e+02, 9.8459414528e+05, 
1.4713913614e+00, 9.1803746853e+02, 1.0057772652e+02, 6.5581413026e+05, 
1.1594202899e+00, 8.0577624830e+02, 8.5122324305e-14, 5.3000000000e+05, 
1.1594202899e+00, 8.0577624830e+02, 1.4781393995e-13, 5.3000000000e+05, 
1.1594202899e+00, 8.0577624830e+02, 1.4055621390e-15, 5.3000000000e+05, 
1.1594202899e+00, 8.0577624830e+02, 1.0429025718e-13, 5.3000000000e+05, 
2.3735524262e+00, 1.1350146132e+03, 4.0748351456e+02, 1.0088163051e+06, 
1.1594202899e+00, 8.0577624830e+02, -1.0387012254e-13, 5.3000000000e+05, 
2.3866207914e+00, 1.1119735342e+03, 4.0996237955e+02, 1.0103785715e+06, 
1.1594202899e+00, 8.0577624830e+02, 1.9837575273e-13, 5.3000000000e+05, 
1.1594202899e+00, 8.0577624830e+02, -9.1792096712e-14, 5.3000000000e+05, 
1.1594203072e+00, 8.0577625690e+02, 4.9532018616e-06, 5.3000000702e+05, 
1.1594202899e+00, 8.0577624830e+02, -1.1161912722e-13, 5.3000000000e+05, 
1.1594202899e+00, 8.0577624830e+02, -7.1388290254e-14, 5.3000000000e+05, 
1.1594202899e+00, 8.0577624830e+02, 1.2185732658e-14, 5.3000000000e+05, 
1.2139387164e+00, 8.2917809163e+02, 1.5228007612e+01, 5.5187507041e+05, 
1.1594202899e+00, 8.0577624830e+02, 3.2689459207e-14, 5.3000000000e+05, 
1.1594202899e+00, 8.0577624830e+02, -8.1893357833e-12, 5.3000000000e+05, 
1.1594202899e+00, 8.0577624830e+02, -3.6230672214e-12, 5.3000000000e+05, 
1.1594202917e+00, 8.0577624928e+02, 5.6156402135e-07, 5.3000000079e+05, 
1.1594202899e+00, 8.0577624830e+02, 1.1304643769e-14, 5.3000000000e+05, 
1.1594202899e+00, 8.0577624830e+02, -1.4858972968e-14, 5.3000000000e+05, 
1.8750718565e+00, 1.0055927632e+03, 2.3183304658e+02, 8.0934376216e+05, 
1.1594204888e+00, 8.0577635345e+02, 6.3001791903e-05, 5.3000008509e+05, 
1.1594202899e+00, 8.0577624830e+02, -5.2854855180e-14, 5.3000000000e+05, 
1.1594202899e+00, 8.0577624830e+02, -1.5600025343e-13, 5.3000000000e+05, 
1.5801860022e+00, 9.3933386929e+02, 1.3802324830e+02, 6.9700793689e+05, 
2.3277854784e+00, 1.0643653374e+03, 3.8773344559e+02, 9.8421065201e+05, 
1.1594202899e+00, 8.0577624830e+02, 1.1475448965e-13, 5.3000000000e+05, 
2.3799914248e+00, 1.1184144871e+03, 4.0987678864e+02, 1.0086040297e+06, 
2.3680747974e+00, 1.1003275516e+03, 4.0245151212e+02, 1.0019897037e+06, 
2.3675944275e+00, 1.1112492354e+03, 4.0597595196e+02, 1.0029330357e+06, 
1.1594202899e+00, 8.0577624830e+02, -4.1603617994e-14, 5.3000000000e+05, 
2.3444363387e+00, 1.0686801798e+03, 3.8650946078e+02, 9.9022626640e+05, 
1.1594202899e+00, 8.0577624830e+02, -2.9798022329e-14, 5.3000000000e+05, 
1.2136072862e+00, 8.2882677554e+02, 1.9083917054e+01, 5.5198409810e+05, 
1.1594202899e+00, 8.0577624830e+02, 7.8278910658e-14, 5.3000000000e+05, 
1.1594202899e+00, 8.0577624830e+02, 2.5178918664e-14, 5.3000000000e+05, 
1.1594202899e+00, 8.0577624830e+02, 4.1802157804e-14, 5.3000000000e+05, 
1.1594202899e+00, 8.0577624830e+02, 1.6771047130e-13, 5.3000000000e+05, 
2.0705876717e+00, 1.0432882834e+03, 2.7492628906e+02, 8.8476213663e+05, 
2.4009963341e+00, 1.1230241189e+03, 4.0720999207e+02, 1.0156611550e+06, 
1.1594202899e+00, 8.0577624830e+02, 7.7252476634e-16, 5.3000000000e+05, 
1.1594202899e+00, 8.0577624830e+02, -1.3151788535e-13, 5.3000000000e+05, 
1.1594202899e+00, 8.0577624830e+02, -5.6927879891e-14, 5.3000000000e+05, 
2.3748018894e+00, 1.0891683449e+03, 3.9120147627e+02, 1.0009591840e+06, 
1.1594202899e+00, 8.0577624830e+02, 6.9671686654e-14, 5.3000000000e+05, 
1.1594202899e+00, 8.0577624830e+02, -9.9342907158e-14, 5.3000000000e+05, 
1.1594202899e+00, 8.0577624830e+02, -7.7216904264e-14, 5.3000000000e+05, 
1.1594202899e+00, 8.0577624830e+02, -8.8510305029e-14, 5.3000000000e+05, 
1.1594202899e+00, 8.0577624830e+02, -2.5035260996e-13, 5.3000000000e+05, 
1.3556459041e+00, 8.7168560606e+02, 6.1666926348e+01, 6.0785937447e+05, 
1.6195662670e+00, 9.5387000754e+02, 1.5068698415e+02, 7.1307700489e+05, 
1.1594202899e+00, 8.0577624830e+02, -1.9341815307e-13, 5.3000000000e+05, 
1.1594202899e+00, 8.0577624830e+02, -3.1739740003e-14, 5.3000000000e+05, 
2.3890705773e+00, 1.1215902807e+03, 4.0528336520e+02, 1.0115104304e+06, 
2.3834317672e+00, 1.1140003530e+03, 4.0186007903e+02, 1.0085779530e+06, 
1.3040766867e+00, 8.5210391669e+02, 4.0627682401e+01, 5.8470986770e+05, 
1.1594202899e+00, 8.0577624830e+02, -5.3955734945e-14, 5.3000000000e+05, 
1.3525741597e+00, 8.6758463915e+02, 7.9487450411e+01, 6.0713406234e+05, 
1.1594202899e+00, 8.0577624830e+02, -1.4815440083e-14, 5.3000000000e+05, 
1.1594202899e+00, 8.0577624830e+02, -3.8394874444e-14, 5.3000000000e+05, 
1.1594203842e+00, 8.0577629755e+02, 2.8430935092e-05, 5.3000003993e+05, 
1.1594202899e+00, 8.0577624830e+02, 3.9727325634e-14, 5.3000000000e+05, 
1.1594202899e+00, 8.0577624830e+02, 5.4206821501e-15, 5.3000000000e+05, 
1.1594202899e+00, 8.0577624830e+02, -1.7778275931e-13, 5.3000000000e+05, 
1.1594202899e+00, 8.0577624830e+02, -7.7426076887e-14, 5.3000000000e+05, 
1.1594202899e+00, 8.0577624830e+02, -6.6777747260e-14, 5.3000000000e+05, 
1.1594202899e+00, 8.0577624830e+02, 5.0909394621e-14, 5.3000000000e+05, 
1.1594202899e+00, 8.0577624830e+02, 1.2319794381e-13, 5.3000000000e+05, 
1.7850292141e+00, 9.7500623462e+02, 2.0148424790e+02, 7.7231746945e+05, 
1.1594202899e+00, 8.0577624830e+02, 1.2255301416e-10, 5.3000000000e+05, 
2.3545741488e+00, 1.0913337306e+03, 3.8143486956e+02, 9.9511088310e+05, 
1.1594202899e+00, 8.0577624830e+02, -2.2221529053e-13, 5.3000000000e+05, 
2.3636155954e+00, 1.0981003556e+03, 3.9928710919e+02, 9.9914203049e+05, 
1.1594203201e+00, 8.0577626428e+02, 9.0995433948e-06, 5.3000001293e+05, 
1.1594202899e+00, 8.0577624830e+02, -1.1783464859e-13, 5.3000000000e+05, 
2.3553423985e+00, 1.0739476946e+03, 3.9453681602e+02, 9.9266377679e+05, 
2.4110445843e+00, 1.1246393516e+03, 4.0254335844e+02, 1.0204682116e+06, 
1.1594202899e+00, 8.0577624830e+02, 3.5689672552e-14, 5.3000000000e+05, 
1.1594202899e+00, 8.0577624830e+02, -4.8424442020e-14, 5.3000000000e+05, 
1.1594202899e+00, 8.0577624830e+02, 6.0873891221e-14, 5.3000000000e+05, 
1.1594202899e+00, 8.0577624830e+02, 5.5599970306e-14, 5.3000000000e+05, 
2.0087865681e+00, 1.0097703593e+03, 2.7269594228e+02, 8.5923629330e+05, 
1.1594202899e+00, 8.0577624830e+02, 1.2960353113e-14, 5.3000000000e+05, 
1.1594202899e+00, 8.0577624830e+02, 4.2077982519e-14, 5.3000000000e+05, 
1.1594202899e+00, 8.0577624830e+02, -1.1495989360e-13, 5.3000000000e+05, 
1.1595438000e+00, 8.0584493037e+02, 3.9563947963e-02, 5.3005516762e+05, 
1.1594202899e+00, 8.0577624830e+02, 7.4895335277e-14, 5.3000000000e+05, 
1.1594202899e+00, 8.0577624830e+02, -3.1229150866e-14, 5.3000000000e+05, 
2.3622951611e+00, 1.1148779610e+03, 4.0871056470e+02, 1.0018979031e+06, 
2.3613165800e+00, 1.0916792258e+03, 3.9956209310e+02, 9.9797834739e+05, 
1.1594202899e+00, 8.0577624830e+02, -3.9733980946e-14, 5.3000000000e+05, 
1.1594202899e+00, 8.0577624830e+02, 1.4595675526e-13, 5.3000000000e+05, 
1.1594202899e+00, 8.0577624830e+02, -1.0567479826e-12, 5.3000000000e+05, 
1.1594202899e+00, 8.0577624830e+02, -7.5307437985e-14, 5.3000000000e+05, 
1.1594202899e+00, 8.0577624832e+02, 2.1790119991e-08, 5.3000000003e+05, 
2.3748147995e+00, 1.0968443707e+03, 4.0253518605e+02, 1.0030629014e+06, 
2.3608594161e+00, 1.0968512024e+03, 3.9860447257e+02, 9.9718442705e+05, 
1.1594202899e+00, 8.0577624830e+02, 7.4762427559e-14, 5.3000000000e+05, 
1.1594202899e+00, 8.0577624830e+02, -2.1863937187e-13, 5.3000000000e+05, 
1.1594202899e+00, 8.0577624830e+02, 1.2355755342e-10, 5.3000000000e+05, 
1.1594202899e+00, 8.0577624830e+02, -8.3543263398e-15, 5.3000000000e+05, 
1.1594202899e+00, 8.0577624830e+02, -1.0390480897e-13, 5.3000000000e+05, 
1.1594202899e+00, 8.0577624830e+02, 1.0139899116e-13, 5.3000000000e+05, 
1.6625839998e+00, 9.6065782894e+02, 1.6344928601e+02, 7.2761436216e+05, 
1.1594202899e+00, 8.0577624830e+02, -1.7655393605e-14, 5.3000000000e+05, 
1.1594202899e+00, 8.0577624830e+02, -1.9305656504e-13, 5.3000000000e+05, 
1.1594202899e+00, 8.0577624830e+02, -5.5225300765e-14, 5.3000000000e+05, 
1.1594205076e+00, 8.0577637015e+02, 7.0311505787e-05, 5.3000009783e+05, 
1.1594202899e+00, 8.0577624830e+02, -1.5381466645e-13, 5.3000000000e+05, 
1.1594202899e+00, 8.0577624830e+02, -9.5571578095e-14, 5.3000000000e+05, 
1.1594202899e+00, 8.0577624830e+02, -7.3460782045e-14, 5.3000000000e+05, 
2.3201955010e+00, 1.0853802340e+03, 3.8737449836e+02, 9.8131140547e+05, 
1.1594202899e+00, 8.0577624830e+02, -4.3488542044e-13, 5.3000000000e+05, 
2.3540396110e+00, 1.0864148360e+03, 3.9868102930e+02, 9.9416284633e+05, 
2.0484128134e+00, 1.0576837002e+03, 2.9358563121e+02, 8.7913628700e+05, 
1.1594202899e+00, 8.0577624830e+02, -5.9994620585e-14, 5.3000000000e+05, 
1.1594202899e+00, 8.0577624830e+02, 2.0326326098e-13, 5.3000000000e+05, 
2.3563270960e+00, 1.0990044046e+03, 4.0131798537e+02, 9.9778881692e+05, 
1.1594202899e+00, 8.0577624830e+02, 1.9460919369e-13, 5.3000000000e+05, 
1.1594202899e+00, 8.0577624830e+02, 9.3048002893e-14, 5.3000000000e+05, 
2.3245928464e+00, 1.0594192874e+03, 3.8541610280e+02, 9.8323940621e+05, 
1.1594202899e+00, 8.0577624830e+02, 4.9589661037e-14, 5.3000000000e+05, 
1.1594202899e+00, 8.0577624830e+02, 7.5671345629e-14, 5.3000000000e+05, 
1.1594203254e+00, 8.0577626671e+02, 1.0656278417e-05, 5.3000001494e+05, 
2.3677026002e+00, 1.1161868691e+03, 4.0915874409e+02, 1.0033230059e+06, 
2.3289304969e+00, 1.1139893834e+03, 3.9414380114e+02, 9.8986748732e+05, 
1.1594202899e+00, 8.0577624830e+02, -3.8496859393e-13, 5.3000000000e+05, 
1.1594202899e+00, 8.0577624830e+02, -4.6531421321e-14, 5.3000000000e+05, 
2.3919944141e+00, 1.1149565429e+03, 4.0724909685e+02, 1.0119031751e+06, 
2.3823374342e+00, 1.1196722527e+03, 4.0555089323e+02, 1.0086257707e+06, 
1.1594202899e+00, 8.0577624830e+02, -4.5019506178e-14, 5.3000000000e+05, 
1.1594202899e+00, 8.0577624830e+02, 1.3021178901e-13, 5.3000000000e+05, 
2.3504097472e+00, 1.0627962360e+03, 3.8607934751e+02, 9.9264397922e+05, 
2.3744161030e+00, 1.1050046135e+03, 3.9904487032e+02, 1.0050614278e+06, 
1.2214089054e+00, 8.3344621647e+02, 2.0595413597e+01, 5.5563420040e+05, 
1.1594202899e+00, 8.0577624830e+02, 5.1387089514e-15, 5.3000000000e+05, 
2.3943154128e+00, 1.1226058075e+03, 4.0464329611e+02, 1.0129674307e+06, 
1.1594202899e+00, 8.0577624830e+02, 1.0805542374e-13, 5.3000000000e+05, 
1.1594461562e+00, 8.0578977056e+02, 7.7912969039e-03, 5.3001096112e+05, 
2.2995811533e+00, 1.0935379144e+03, 3.7777977647e+02, 9.7787736839e+05, 
1.1611936898e+00, 8.0669695947e+02, 5.4498288667e-01, 5.3074833248e+05, 
1.1594202899e+00, 8.0577624830e+02, 3.8525615045e-10, 5.3000000000e+05, 
2.3154939927e+00, 1.0609295716e+03, 3.8543522386e+02, 9.7974980383e+05, 
1.1594202899e+00, 8.0577624830e+02, -2.3875540710e-14, 5.3000000000e+05, 
1.1594202899e+00, 8.0577624830e+02, 1.7546386573e-13, 5.3000000000e+05, 
1.1594202899e+00, 8.0577624830e+02, 3.8066925115e-14, 5.3000000000e+05, 
2.3260255869e+00, 1.0616395790e+03, 3.9008510961e+02, 9.8347288557e+05, 
1.1594202899e+00, 8.0577624830e+02, -1.2097452037e-13, 5.3000000000e+05, 
2.3254787445e+00, 1.0843376861e+03, 4.0146268528e+02, 9.8638431939e+05, 
1.1594202899e+00, 8.0577624830e+02, -2.2321890183e-13, 5.3000000000e+05, 
1.1594202899e+00, 8.0577624830e+02, -2.0442363628e-14, 5.3000000000e+05, 
1.1594202899e+00, 8.0577624830e+02, -2.6122639378e-15, 5.3000000000e+05, 
1.1594202899e+00, 8.0577624830e+02, 1.2857795747e-13, 5.3000000000e+05, 
1.1594208260e+00, 8.0577654949e+02, 1.7324750504e-04, 5.3000024170e+05, 
2.3515024700e+00, 1.0873084009e+03, 4.0045377158e+02, 9.9352668267e+05, 
2.3834388022e+00, 1.1087194950e+03, 3.9867155922e+02, 1.0091600455e+06, 
1.1594202901e+00, 8.0577624841e+02, 6.9519554794e-08, 5.3000000010e+05, 
1.1594202899e+00, 8.0577624830e+02, -7.5289043095e-14, 5.3000000000e+05, 
2.3593624665e+00, 1.0900538313e+03, 4.0203361812e+02, 9.9679001666e+05, 
1.1594202899e+00, 8.0577624830e+02, 1.7397993294e-14, 5.3000000000e+05, 
2.3949739636e+00, 1.1222438660e+03, 4.0906957511e+02, 1.0144602164e+06, 
1.1594202899e+00, 8.0577624830e+02, 1.5429920825e-15, 5.3000000000e+05, 
1.1615322637e+00, 8.0693071631e+02, 6.6849183920e-01, 5.3093344029e+05, 
1.7195090069e+00, 9.6840926835e+02, 1.7788201451e+02, 7.5115321465e+05, 
1.1594202899e+00, 8.0577624830e+02, 8.2767568700e-14, 5.3000000000e+05, 
1.1594202899e+00, 8.0577624830e+02, -6.0897321196e-14, 5.3000000000e+05, 
1.1594202899e+00, 8.0577624830e+02, 2.2288595742e-09, 5.3000000000e+05, 
1.1594202899e+00, 8.0577624830e+02, 1.1535943747e-13, 5.3000000000e+05, 
1.1594202899e+00, 8.0577624830e+02, 1.5504508286e-13, 5.3000000000e+05, 
1.1594202899e+00, 8.0577624830e+02, 8.9485583099e-15, 5.3000000000e+05, 
1.3511114893e+00, 8.7382711563e+02, 5.4513645497e+01, 6.0425385080e+05, 
1.1594202899e+00, 8.0577624830e+02, 9.7173858368e-14, 5.3000000000e+05, 
2.3811481687e+00, 1.1173499297e+03, 4.0477858758e+02, 1.0083070846e+06, 
1.1594202899e+00, 8.0577624830e+02, 1.1660189442e-13, 5.3000000000e+05, 
1.1594202899e+00, 8.0577624830e+02, -1.0012527373e-14, 5.3000000000e+05, 
1.1594202899e+00, 8.0577624830e+02, -5.6681118934e-14, 5.3000000000e+05, 
1.1594202899e+00, 8.0577624830e+02, 2.4113039980e-13, 5.3000000000e+05, 
1.1594202899e+00, 8.0577624830e+02, 1.7476821546e-14, 5.3000000000e+05, 
1.1594202899e+00, 8.0577624830e+02, -2.5246048332e-12, 5.3000000000e+05, 
1.1594202899e+00, 8.0577624830e+02, -1.8830763756e-13, 5.3000000000e+05, 
1.1594285804e+00, 8.0578059001e+02, 2.6092885005e-03, 5.3000351810e+05, 
1.1594202899e+00, 8.0577624830e+02, -5.2128286208e-14, 5.3000000000e+05, 
1.1594202899e+00, 8.0577624830e+02, -2.6225277917e-14, 5.3000000000e+05, 
1.1594202899e+00, 8.0577624830e+02, 2.3777009131e-13, 5.3000000000e+05, 
1.1594202899e+00, 8.0577624830e+02, -5.1999948308e-12, 5.3000000000e+05, 
1.1594202899e+00, 8.0577624830e+02, 2.4506177902e-13, 5.3000000000e+05, 
2.3485316375e+00, 1.0648956984e+03, 3.9002649453e+02, 9.9128017140e+05, 
1.1594202899e+00, 8.0577624830e+02, -6.8475219880e-13, 5.3000000000e+05, 
1.1594202899e+00, 8.0577624830e+02, -1.4785169979e-13, 5.3000000000e+05, 
1.1594202899e+00, 8.0577624830e+02, -1.2730442244e-13, 5.3000000000e+05, 
1.1655332500e+00, 8.0895780167e+02, 1.8437073167e+00, 5.3261240810e+05, 
1.1594202899e+00, 8.0577624830e+02, 1.1022498829e-13, 5.3000000000e+05, 
1.1594202899e+00, 8.0577624830e+02, 3.1187704409e-14, 5.3000000000e+05, 
1.1594202899e+00, 8.0577624830e+02, -2.2964239389e-13, 5.3000000000e+05, 
1.1594202899e+00, 8.0577624830e+02, 8.7749815873e-14, 5.3000000000e+05, 
1.1594202899e+00, 8.0577624830e+02, -9.6039707585e-14, 5.3000000000e+05, 
1.1594202899e+00, 8.0577624830e+02, -2.0778670201e-13, 5.3000000000e+05, 
2.3856995923e+00, 1.1174702579e+03, 4.0881265020e+02, 1.0100073326e+06, 
1.1594320739e+00, 8.0578240055e+02, 3.8149340167e-03, 5.3000498733e+05, 
1.4931271527e+00, 8.9146693454e+02, 6.2073380242e+01, 6.6040520920e+05, 
1.1594202899e+00, 8.0577624830e+02, 4.8667212018e-14, 5.3000000000e+05, 
1.1594202899e+00, 8.0577624830e+02, 3.5470285965e-14, 5.3000000000e+05, 
1.1594202899e+00, 8.0577624830e+02, 4.9014224620e-14, 5.3000000000e+05, 
1.1594202899e+00, 8.0577624830e+02, -2.8116554489e-14, 5.3000000000e+05, 
2.3567690973e+00, 1.0871896791e+03, 3.9186821386e+02, 9.9516597454e+05, 
1.1594202899e+00, 8.0577624830e+02, -7.8385449264e-12, 5.3000000000e+05, 
1.1594202899e+00, 8.0577624830e+02, -2.0575926517e-13, 5.3000000000e+05, 
1.1594202899e+00, 8.0577624830e+02, 2.7387941904e-14, 5.3000000000e+05, 
1.1599372732e+00, 8.0604962417e+02, 1.6252293110e-01, 5.3022181585e+05, 
2.3649932116e+00, 1.0969252939e+03, 4.0042110688e+02, 1.0001819637e+06, 
1.1594202899e+00, 8.0577624830e+02, -1.7773966226e-15, 5.3000000000e+05, 
1.1594202899e+00, 8.0577624830e+02, 3.9084647941e-14, 5.3000000000e+05, 
1.1594202899e+00, 8.0577624830e+02, -4.0648659862e-14, 5.3000000000e+05, 
2.3493924528e+00, 1.0913423247e+03, 4.0107031554e+02, 9.9392668420e+05, 
1.1594202899e+00, 8.0577624830e+02, -1.7183636720e-13, 5.3000000000e+05, 
1.1594202899e+00, 8.0577624830e+02, -9.7539633540e-14, 5.3000000000e+05, 
1.1594202899e+00, 8.0577624830e+02, -1.2425735002e-13, 5.3000000000e+05, 
1.1594202899e+00, 8.0577624830e+02, -8.9765625300e-14, 5.3000000000e+05, 
1.1594202899e+00, 8.0577624830e+02, -4.9440346241e-14, 5.3000000000e+05, 
1.1594202899e+00, 8.0577624830e+02, 8.6693083181e-14, 5.3000000000e+05, 
1.1594202899e+00, 8.0577624830e+02, -1.0961598710e-13, 5.3000000000e+05, 
1.5156502322e+00, 9.2483702970e+02, 1.1814260032e+02, 6.7245212695e+05, 
1.1594202898e+00, 8.0577624829e+02, -3.7281043739e-12, 5.3000000000e+05, 
1.1594202898e+00, 8.0577624829e+02, -3.5089712488e-14, 5.3000000000e+05, 
2.3836545448e+00, 1.1162778134e+03, 4.0187605339e+02, 1.0098086106e+06, 
2.3191418262e+00, 1.0587564759e+03, 3.8452697898e+02, 9.8110702802e+05, 
1.1594202899e+00, 8.0577624830e+02, -5.6694035118e-14, 5.3000000000e+05, 
1.1594202899e+00, 8.0577624830e+02, 1.3088909285e-12, 5.3000000000e+05, 
1.1594202899e+00, 8.0577624830e+02, -3.8907922433e-14, 5.3000000000e+05, 
2.3686955608e+00, 1.1174423546e+03, 4.0936718111e+02, 1.0053029705e+06, 
1.2483082212e+00, 8.4450003429e+02, 3.0595386517e+01, 5.6680588224e+05, 
2.3819341741e+00, 1.1169597349e+03, 4.0685759732e+02, 1.0094345795e+06, 
2.3661772531e+00, 1.0947786065e+03, 4.0028351496e+02, 9.9952996512e+05, 
1.1594202899e+00, 8.0577624830e+02, 6.5957818993e-14, 5.3000000000e+05, 
1.1594202899e+00, 8.0577624830e+02, 1.5404644621e-15, 5.3000000000e+05, 
1.8750232992e+00, 1.0168907384e+03, 2.2941740779e+02, 8.1294169274e+05, 
1.1594202899e+00, 8.0577624829e+02, -3.4145801909e-13, 5.3000000000e+05, 
2.3930940666e+00, 1.1209894092e+03, 4.1285229095e+02, 1.0140717804e+06, 
2.3689068261e+00, 1.1090688877e+03, 4.0370251100e+02, 1.0027768285e+06, 
1.1594202899e+00, 8.0577624830e+02, -4.5753325337e-12, 5.3000000000e+05, 
1.1594202899e+00, 8.0577624830e+02, -7.7133553043e-14, 5.3000000000e+05, 
1.1594202899e+00, 8.0577624830e+02, -3.3111839983e-14, 5.3000000000e+05, 
2.3196335681e+00, 1.0577305066e+03, 3.8428646786e+02, 9.8180214585e+05, 
1.1594202899e+00, 8.0577624830e+02, 3.3416389774e-14, 5.3000000000e+05, 
1.1594202899e+00, 8.0577624830e+02, -2.3678992296e-14, 5.3000000000e+05, 
2.3503647629e+00, 1.0737237372e+03, 3.8361578130e+02, 9.9008982266e+05, 
1.1594202899e+00, 8.0577624830e+02, 1.3092126097e-13, 5.3000000000e+05, 
1.9648738262e+00, 1.0280515173e+03, 2.6228378412e+02, 8.4525365307e+05, 
2.3784715039e+00, 1.0823342092e+03, 3.8686586778e+02, 1.0006779545e+06, 
1.1594202901e+00, 8.0577624840e+02, 5.9748061148e-08, 5.3000000008e+05, 
1.1594202899e+00, 8.0577624830e+02, 3.2563311828e-13, 5.3000000000e+05, 
1.1594202899e+00, 8.0577624830e+02, -1.2225557424e-14, 5.3000000000e+05, 
1.1594202899e+00, 8.0577624830e+02, -9.3563200751e-13, 5.3000000000e+05, 
1.1594202899e+00, 8.0577624830e+02, 7.2304684425e-14, 5.3000000000e+05, 
2.3680812662e+00, 1.0940784685e+03, 3.9451358382e+02, 9.9971580220e+05, 
1.1594202899e+00, 8.0577624830e+02, -1.5811027870e-13, 5.3000000000e+05, 
1.1594202899e+00, 8.0577624830e+02, 2.3343482114e-14, 5.3000000000e+05, 
1.1594202899e+00, 8.0577624830e+02, 1.0152482071e-13, 5.3000000000e+05, 
2.3522464727e+00, 1.0849035408e+03, 3.9426222614e+02, 9.9325557194e+05, 
1.1594202899e+00, 8.0577624830e+02, 1.2847760405e-14, 5.3000000000e+05, 
2.3611354547e+00, 1.0974640030e+03, 4.0273742505e+02, 9.9964522580e+05, 
1.1594202899e+00, 8.0577624830e+02, -2.7703130942e-14, 5.3000000000e+05, 
2.2942661187e+00, 1.1118861863e+03, 3.7712534509e+02, 9.7630304182e+05, 
1.1594202899e+00, 8.0577624830e+02, 1.8459018547e-14, 5.3000000000e+05, 
2.4016602930e+00, 1.1241710536e+03, 4.0498523500e+02, 1.0173642147e+06, 
1.1594202899e+00, 8.0577624830e+02, 5.2455674714e-13, 5.3000000000e+05, 
1.1594202899e+00, 8.0577624830e+02, -6.4114646293e-14, 5.3000000000e+05, 
2.3629805730e+00, 1.0957221065e+03, 3.9648939045e+02, 9.9938705703e+05, 
1.1594202899e+00, 8.0577624830e+02, 1.7274695125e-12, 5.3000000000e+05, 
2.3587224359e+00, 1.0928299889e+03, 3.9743897984e+02, 9.9584996161e+05, 
2.1881876594e+00, 1.0848966975e+03, 3.3755540356e+02, 9.3404598367e+05, 
1.1594202899e+00, 8.0577624830e+02, -1.9275321881e-14, 5.3000000000e+05, 
1.1594202899e+00, 8.0577624830e+02, -9.0497724615e-14, 5.3000000000e+05, 
1.1594202899e+00, 8.0577624830e+02, 9.1195650855e-14, 5.3000000000e+05, 
1.1594202899e+00, 8.0577624830e+02, 3.5999605662e-13, 5.3000000000e+05, 
1.1594202899e+00, 8.0577624830e+02, -6.6562154319e-14, 5.3000000000e+05, 
1.1594202899e+00, 8.0577624830e+02, 6.2050302546e-10, 5.3000000000e+05, 
1.1594202899e+00, 8.0577624830e+02, -6.5498351746e-14, 5.3000000000e+05, 
1.1594202899e+00, 8.0577624830e+02, -3.2284821782e-13, 5.3000000000e+05, 
1.1594415025e+00, 8.0578671451e+02, 6.1133639084e-03, 5.3000855416e+05, 
1.1594202899e+00, 8.0577624830e+02, -7.9293684887e-14, 5.3000000000e+05, 
2.2258557467e+00, 1.0511996236e+03, 3.5876243103e+02, 9.3930931246e+05, 
2.3748868907e+00, 1.1182155239e+03, 4.0604496059e+02, 1.0093859441e+06, 
2.1467734976e+00, 1.0824138277e+03, 3.2713602804e+02, 9.2040492854e+05, 
1.1594202899e+00, 8.0577624830e+02, -4.8028824783e-14, 5.3000000000e+05, 
1.1594202899e+00, 8.0577624830e+02, -2.8875211042e-13, 5.3000000000e+05, 
2.2594049270e+00, 1.0716442978e+03, 3.6813438140e+02, 9.5438211621e+05, 
1.1594202899e+00, 8.0577624830e+02, -9.1334586940e-16, 5.3000000000e+05, 
1.1594202899e+00, 8.0577624830e+02, 4.6475261970e-14, 5.3000000000e+05, 
1.1594202899e+00, 8.0577624830e+02, 1.1458794710e-13, 5.3000000000e+05, 
1.1594202899e+00, 8.0577624830e+02, 1.9393366069e-14, 5.3000000000e+05, 
1.1594202899e+00, 8.0577624830e+02, 1.2508890790e-13, 5.3000000000e+05, 
1.1594202899e+00, 8.0577624830e+02, -8.0336154950e-14, 5.3000000000e+05, 
2.3798870232e+00, 1.1060554990e+03, 3.9808499461e+02, 1.0066153004e+06, 
2.3733315088e+00, 1.1194841720e+03, 4.0820103309e+02, 1.0066366255e+06, 
1.1594202899e+00, 8.0577624830e+02, 1.1235142773e-13, 5.3000000000e+05, 
1.1594202899e+00, 8.0577624830e+02, -2.3552819917e-13, 5.3000000000e+05, 
1.1594202899e+00, 8.0577624830e+02, -2.3041120284e-14, 5.3000000000e+05, 
1.1594202899e+00, 8.0577624830e+02, 1.4487872709e-13, 5.3000000000e+05, 
1.1594202899e+00, 8.0577624830e+02, -1.1865964488e-13, 5.3000000000e+05, 
1.1594202899e+00, 8.0577624830e+02, 8.7270216489e-13, 5.3000000000e+05, 
1.1594202899e+00, 8.0577624830e+02, 6.3088596783e-14, 5.3000000000e+05, 
1.1594202899e+00, 8.0577624830e+02, 2.4765877629e-14, 5.3000000000e+05, 
1.1594202899e+00, 8.0577624830e+02, -8.5678093594e-14, 5.3000000000e+05, 
1.1594202899e+00, 8.0577624830e+02, -1.5036101805e-14, 5.3000000000e+05, 
1.1594202899e+00, 8.0577624830e+02, -1.8110647524e-13, 5.3000000000e+05, 
1.1594202899e+00, 8.0577624830e+02, 2.7221949959e-13, 5.3000000000e+05, 
1.1594202899e+00, 8.0577624829e+02, -1.2318340052e-12, 5.3000000000e+05, 
1.7260248963e+00, 9.7460544151e+02, 1.9180785307e+02, 7.5344691320e+05, 
1.1594202899e+00, 8.0577624830e+02, -2.1183860007e-13, 5.3000000000e+05, 
1.1594202899e+00, 8.0577624830e+02, -1.0944913549e-13, 5.3000000000e+05, 
1.1594202899e+00, 8.0577624830e+02, -3.2004167867e-13, 5.3000000000e+05, 
1.3444323078e+00, 8.6250096553e+02, 5.6576693339e+01, 6.0073351530e+05, 
1.1594202899e+00, 8.0577624830e+02, 7.1569304996e-14, 5.3000000000e+05, 
1.2102735411e+00, 8.2640996512e+02, 1.5093526100e+01, 5.5013004723e+05, 
1.1594202899e+00, 8.0577624830e+02, 1.6863644297e-13, 5.3000000000e+05, 
1.1594202899e+00, 8.0577624829e+02, -5.7311747267e-12, 5.3000000000e+05, 
1.1594202899e+00, 8.0577624830e+02, 5.5284750362e-14, 5.3000000000e+05, 
1.1594202899e+00, 8.0577624830e+02, -1.3424636048e-14, 5.3000000000e+05, 
1.1594202899e+00, 8.0577624830e+02, -5.4001826322e-14, 5.3000000000e+05, 
1.1594202899e+00, 8.0577624830e+02, 3.8309898046e-14, 5.3000000000e+05, 
1.1594202899e+00, 8.0577624830e+02, -1.0740427129e-13, 5.3000000000e+05, 
1.1594202899e+00, 8.0577624830e+02, -2.9478981719e-14, 5.3000000000e+05, 
1.1594202899e+00, 8.0577624830e+02, -5.3218136186e-14, 5.3000000000e+05, 
1.1594203021e+00, 8.0577625497e+02, 3.9254587101e-06, 5.3000000538e+05, 
1.1594202899e+00, 8.0577624830e+02, -1.0573339899e-13, 5.3000000000e+05, 
1.1594202899e+00, 8.0577624830e+02, -9.6266193842e-14, 5.3000000000e+05, 
1.1594202899e+00, 8.0577624830e+02, -2.0613854326e-13, 5.3000000000e+05, 
2.3184946221e+00, 1.0572840474e+03, 3.8437574376e+02, 9.8130346535e+05, 
2.3643998006e+00, 1.1155025601e+03, 4.0879171028e+02, 1.0025903085e+06, 
1.1594202899e+00, 8.0577624830e+02, -1.6973528425e-11, 5.3000000000e+05, 
1.1594202899e+00, 8.0577624830e+02, 1.2738556143e-13, 5.3000000000e+05, 
2.3419248262e+00, 1.0588986534e+03, 3.8684994097e+02, 9.8970463078e+05, 
1.1594202899e+00, 8.0577624830e+02, 1.0199734841e-14, 5.3000000000e+05, 
2.3672473490e+00, 1.1081584521e+03, 4.0560252143e+02, 1.0034996711e+06, 
1.1594202899e+00, 8.0577624830e+02, 1.4428929446e-13, 5.3000000000e+05, 
2.1358860704e+00, 1.0480603391e+03, 3.0903570817e+02, 9.0666193058e+05, 
1.1594202899e+00, 8.0577624830e+02, -1.7684869880e-14, 5.3000000000e+05, 
2.3433678911e+00, 1.0794334543e+03, 3.9340868869e+02, 9.8864129340e+05, 
1.1594202899e+00, 8.0577624830e+02, -1.7523903249e-13, 5.3000000000e+05, 
1.1594202899e+00, 8.0577624830e+02, -5.3303582216e-14, 5.3000000000e+05, 
2.3727139393e+00, 1.1026339706e+03, 3.9884303668e+02, 1.0029033537e+06, 
1.1594202992e+00, 8.0577625338e+02, 2.9327611148e-06, 5.3000000410e+05, 
1.2207546496e+00, 8.3044326344e+02, 1.9162920208e+01, 5.5461709740e+05, 
1.1594202899e+00, 8.0577624830e+02, -1.1630464010e-13, 5.3000000000e+05, 
1.1594202899e+00, 8.0577624830e+02, 9.8369484059e-15, 5.3000000000e+05, 
1.1594202899e+00, 8.0577624830e+02, 2.7388037232e-14, 5.3000000000e+05, 
1.1594202899e+00, 8.0577624830e+02, -2.1422981938e-13, 5.3000000000e+05, 
1.1594202899e+00, 8.0577624830e+02, 1.9157727591e-13, 5.3000000000e+05, 
1.1594202899e+00, 8.0577624830e+02, -2.2618649498e-13, 5.3000000000e+05, 
2.4011031022e+00, 1.1238799562e+03, 4.0316263950e+02, 1.0159805237e+06, 
2.3792263776e+00, 1.1174141953e+03, 4.0552071440e+02, 1.0080022785e+06, 
1.1594202899e+00, 8.0577624830e+02, -4.6626827374e-15, 5.3000000000e+05, 
1.1594202899e+00, 8.0577624830e+02, 9.0562143167e-14, 5.3000000000e+05, 
1.1594202899e+00, 8.0577624830e+02, -1.1934104462e-14, 5.3000000000e+05, 
1.1594202898e+00, 8.0577624829e+02, -7.0329470209e-14, 5.3000000000e+05, 
2.3349380661e+00, 1.0719132618e+03, 3.9231994647e+02, 9.8464127294e+05, 
1.1594202899e+00, 8.0577624830e+02, -5.1830072407e-15, 5.3000000000e+05, 
1.1594202899e+00, 8.0577624830e+02, 9.1861621116e-14, 5.3000000000e+05, 
1.1594202899e+00, 8.0577624830e+02, -1.6936467821e-13, 5.3000000000e+05, 
1.1594202899e+00, 8.0577624830e+02, -1.0565307840e-13, 5.3000000000e+05, 
1.1594214209e+00, 8.0577685275e+02, 3.4835539397e-04, 5.3000048837e+05, 
1.1594202899e+00, 8.0577624829e+02, -1.9430584490e-13, 5.3000000000e+05, 
1.1594202899e+00, 8.0577624830e+02, 1.5358858750e-15, 5.3000000000e+05, 
1.1594202899e+00, 8.0577624830e+02, 3.1224034651e-15, 5.3000000000e+05, 
1.1594202899e+00, 8.0577624830e+02, 6.0194965955e-15, 5.3000000000e+05, 
1.1594202899e+00, 8.0577624830e+02, 7.4614605518e-11, 5.3000000000e+05, 
1.1594202899e+00, 8.0577624830e+02, -1.0325467018e-13, 5.3000000000e+05, 
1.1594202899e+00, 8.0577624830e+02, -1.2189092822e-13, 5.3000000000e+05, 
2.3668382941e+00, 1.1121957162e+03, 4.0534459134e+02, 1.0029778834e+06, 
1.1594202899e+00, 8.0577624830e+02, -6.0976174639e-14, 5.3000000000e+05, 
1.1594202899e+00, 8.0577624830e+02, -4.3551516627e-14, 5.3000000000e+05, 
1.1594202899e+00, 8.0577624830e+02, 1.3783271886e-09, 5.3000000000e+05, 
1.1594202899e+00, 8.0577624830e+02, -2.1622617885e-13, 5.3000000000e+05, 
2.2673625268e+00, 1.1134131664e+03, 3.6212174956e+02, 9.7062463282e+05, 
1.1594202899e+00, 8.0577624830e+02, 2.6282915835e-13, 5.3000000000e+05, 
2.3172253705e+00, 1.0541783407e+03, 3.8281417839e+02, 9.8108355696e+05, 
1.1594202899e+00, 8.0577624830e+02, 1.0664926886e-13, 5.3000000000e+05, 
1.1594202899e+00, 8.0577624830e+02, 2.1251283882e-14, 5.3000000000e+05, 
1.1594202899e+00, 8.0577624830e+02, 7.2216208686e-14, 5.3000000000e+05, 
1.1594202899e+00, 8.0577624830e+02, -2.0096508384e-13, 5.3000000000e+05, 
1.1594202899e+00, 8.0577624830e+02, -4.5366610722e-14, 5.3000000000e+05, 
2.3448521942e+00, 1.0846015731e+03, 3.9713343447e+02, 9.9087395837e+05, 
1.1594202899e+00, 8.0577624830e+02, 1.0753029014e-13, 5.3000000000e+05, 
1.1594202899e+00, 8.0577624830e+02, 1.6202547045e-13, 5.3000000000e+05, 
1.1594202899e+00, 8.0577624830e+02, 2.6095626781e-13, 5.3000000000e+05, 
1.1594202899e+00, 8.0577624830e+02, 1.0401423134e-13, 5.3000000000e+05, 
1.1594202899e+00, 8.0577624830e+02, 4.4393291243e-14, 5.3000000000e+05, 
1.7057264866e+00, 9.7711335044e+02, 1.7664580810e+02, 7.4319903378e+05, 
2.3654638533e+00, 1.1019693194e+03, 4.0179340085e+02, 1.0026464047e+06, 
1.1594202899e+00, 8.0577624830e+02, -1.8118884940e-14, 5.3000000000e+05, 
1.1594205291e+00, 8.0577638227e+02, 7.3642834061e-05, 5.3000010756e+05, 
1.1594202899e+00, 8.0577624830e+02, -3.9352220289e-14, 5.3000000000e+05, 
1.1594202899e+00, 8.0577624830e+02, -7.3014078233e-13, 5.3000000000e+05, 
1.1594202899e+00, 8.0577624830e+02, 7.2104767065e-14, 5.3000000000e+05, 
1.1594202899e+00, 8.0577624830e+02, -2.1033492164e-14, 5.3000000000e+05, 
1.1594202899e+00, 8.0577624830e+02, 2.5657546947e-14, 5.3000000000e+05, 
1.9428157145e+00, 1.0090834537e+03, 2.4917468077e+02, 8.3418580977e+05, 
2.3701036989e+00, 1.1086154943e+03, 4.0813364082e+02, 1.0048273518e+06, 
1.1594202899e+00, 8.0577624830e+02, -3.1718029823e-15, 5.3000000000e+05, 
1.1594202899e+00, 8.0577624830e+02, -1.8306955791e-13, 5.3000000000e+05, 
2.3576692987e+00, 1.1101341445e+03, 4.0605541933e+02, 1.0010408780e+06, 
1.1594202899e+00, 8.0577624830e+02, 5.5006164358e-13, 5.3000000000e+05, 
1.1921468724e+00, 8.2144610667e+02, 1.0425468634e+01, 5.4368348038e+05, 
1.1594202899e+00, 8.0577624830e+02, -3.2242373098e-13, 5.3000000000e+05, 
1.1594202899e+00, 8.0577624830e+02, 2.7249054617e-14, 5.3000000000e+05, 
1.1594202899e+00, 8.0577624830e+02, 1.3715122593e-13, 5.3000000000e+05, 
2.3588859350e+00, 1.0849727854e+03, 3.9815707746e+02, 9.9546718584e+05, 
1.1594202899e+00, 8.0577624830e+02, 5.1802207409e-14, 5.3000000000e+05, 
1.1594202899e+00, 8.0577624830e+02, -1.2418790056e-13, 5.3000000000e+05, 
1.5198531927e+00, 9.3641533972e+02, 1.1732042056e+02, 6.7600568839e+05, 
2.3558438019e+00, 1.0867775446e+03, 3.9535230294e+02, 9.9473139342e+05, 
1.1594202899e+00, 8.0577624830e+02, -9.1139399456e-14, 5.3000000000e+05, 
1.1594202899e+00, 8.0577624830e+02, 7.9056298891e-15, 5.3000000000e+05, 
1.1594202899e+00, 8.0577624830e+02, -1.1796150339e-13, 5.3000000000e+05, 
2.2925941938e+00, 1.0753001784e+03, 3.7546805093e+02, 9.6670491433e+05, 
2.4137021674e+00, 1.1334277919e+03, 4.0995894844e+02, 1.0209588474e+06, 
2.0730157421e+00, 1.0646509934e+03, 3.3332530727e+02, 8.9019568236e+05, 
1.1594202899e+00, 8.0577624830e+02, -1.3569802304e-13, 5.3000000000e+05, 
1.1594202899e+00, 8.0577624830e+02, 8.7191264953e-13, 5.3000000000e+05, 
1.3798755775e+00, 8.8781534299e+02, 7.3296544544e+01, 6.1914306777e+05, 
1.4236729546e+00, 9.0877694134e+02, 8.6141277070e+01, 6.3721973022e+05, 
2.1728929679e+00, 1.0909895864e+03, 3.3812980189e+02, 9.3136383983e+05, 
1.1594202899e+00, 8.0577624830e+02, -1.6318502078e-13, 5.3000000000e+05, 
1.1594202899e+00, 8.0577624830e+02, -9.9480689158e-14, 5.3000000000e+05, 
1.1594202899e+00, 8.0577624830e+02, -2.9676500184e-13, 5.3000000000e+05, 
1.1594202899e+00, 8.0577624830e+02, 7.3895717359e-14, 5.3000000000e+05, 
1.1594202899e+00, 8.0577624830e+02, 1.6188810201e-13, 5.3000000000e+05, 
1.1594202899e+00, 8.0577624830e+02, -5.5222744321e-14, 5.3000000000e+05, 
1.1594202899e+00, 8.0577624830e+02, 5.5333409125e-13, 5.3000000000e+05, 
1.1594202899e+00, 8.0577624830e+02, 8.0010119812e-14, 5.3000000000e+05, 
1.1594202899e+00, 8.0577624830e+02, -3.6929778105e-13, 5.3000000000e+05, 
2.3503436078e+00, 1.0813391463e+03, 3.9242672912e+02, 9.9165772048e+05, 
1.1594202899e+00, 8.0577624830e+02, -8.1318624365e-14, 5.3000000000e+05, 
1.1594202899e+00, 8.0577624830e+02, -5.1127357818e-14, 5.3000000000e+05, 
1.1594202899e+00, 8.0577624830e+02, 1.6222827445e-13, 5.3000000000e+05, 
1.1594202899e+00, 8.0577624830e+02, 7.6098959523e-14, 5.3000000000e+05, 
1.1594202899e+00, 8.0577624830e+02, 2.7446778601e-12, 5.3000000000e+05, 
1.1861307381e+00, 8.1886090579e+02, 8.9125840932e+00, 5.4111040209e+05, 
1.1594202899e+00, 8.0577624830e+02, 4.6954060513e-14, 5.3000000000e+05, 
1.1594202899e+00, 8.0577624830e+02, 5.0670205673e-14, 5.3000000000e+05, 
1.1594202899e+00, 8.0577624830e+02, 7.7492328575e-14, 5.3000000000e+05, 
1.1594202899e+00, 8.0577624830e+02, 9.3700625466e-14, 5.3000000000e+05, 
1.1594202899e+00, 8.0577624830e+02, 8.6212615563e-14, 5.3000000000e+05, 
2.3734329841e+00, 1.0987360230e+03, 4.0069093230e+02, 1.0025820573e+06, 
1.8861805242e+00, 1.0312351334e+03, 2.4499562745e+02, 8.1851049419e+05, 
2.3530142343e+00, 1.1133269696e+03, 4.0985964964e+02, 1.0006109468e+06, 
1.1594202899e+00, 8.0577624830e+02, -4.2756493828e-13, 5.3000000000e+05, 
1.1594202902e+00, 8.0577624850e+02, 1.2250949163e-07, 5.3000000017e+05, 
1.1594202899e+00, 8.0577624830e+02, 4.1017967431e-14, 5.3000000000e+05, 
1.1594202899e+00, 8.0577624830e+02, -6.8495170004e-14, 5.3000000000e+05, 
1.1594202899e+00, 8.0577624830e+02, 2.3718076487e-15, 5.3000000000e+05, 
1.1594202899e+00, 8.0577624830e+02, 2.3610539490e-14, 5.3000000000e+05, 
1.3105377275e+00, 8.6150996754e+02, 4.6900761599e+01, 5.8836638854e+05, 
1.1594202899e+00, 8.0577624830e+02, 7.1885854596e-14, 5.3000000000e+05, 
1.1594202899e+00, 8.0577624830e+02, -2.4034168449e-13, 5.3000000000e+05, 
2.3952374771e+00, 1.1144386966e+03, 3.9736716175e+02, 1.0175617702e+06, 
1.1594202899e+00, 8.0577624830e+02, -2.5799965495e-13, 5.3000000000e+05, 
2.3633337323e+00, 1.0788736675e+03, 3.9111290440e+02, 9.9673463306e+05, 
1.1594202899e+00, 8.0577624830e+02, -1.3966121355e-13, 5.3000000000e+05, 
1.1594202899e+00, 8.0577624830e+02, 3.0919724261e-14, 5.3000000000e+05, 
1.1594202899e+00, 8.0577624830e+02, 1.8259168991e-13, 5.3000000000e+05, 
1.1594202899e+00, 8.0577624830e+02, 9.2090613698e-14, 5.3000000000e+05, 
1.1594202899e+00, 8.0577624830e+02, 8.6207995760e-14, 5.3000000000e+05, 
1.1594202904e+00, 8.0577624858e+02, 1.6302091574e-07, 5.3000000023e+05, 
1.1594202899e+00, 8.0577624830e+02, 3.1064255868e-14, 5.3000000000e+05, 
2.3552607347e+00, 1.0985561713e+03, 4.0006951632e+02, 9.9749540476e+05, 
2.3165975006e+00, 1.0549864285e+03, 3.8437650021e+02, 9.8065858934e+05, 
1.1594202899e+00, 8.0577624830e+02, 1.7128299610e-13, 5.3000000000e+05, 
2.3712289138e+00, 1.1056953776e+03, 3.9763350101e+02, 1.0028615459e+06, 
1.1594202899e+00, 8.0577624830e+02, 6.0846183043e-14, 5.3000000000e+05, 
2.3260095496e+00, 1.0518126519e+03, 3.8573692799e+02, 9.8487928444e+05, 
1.1594202899e+00, 8.0577624830e+02, 1.4177353109e-13, 5.3000000000e+05, 
1.1594202899e+00, 8.0577624830e+02, -3.4190071750e-13, 5.3000000000e+05, 
1.1594202899e+00, 8.0577624830e+02, -1.3338589894e-13, 5.3000000000e+05, 
1.8406071979e+00, 1.0153375609e+03, 2.3357658336e+02, 7.9987055696e+05, 
1.1594202899e+00, 8.0577624830e+02, 3.5760079866e-14, 5.3000000000e+05, 
1.1594202899e+00, 8.0577624830e+02, -4.7850876744e-13, 5.3000000000e+05, 
1.1594202899e+00, 8.0577624830e+02, 2.8259005667e-13, 5.3000000000e+05, 
2.0630270630e+00, 1.0532414740e+03, 2.9701591699e+02, 8.8240825846e+05, 
1.1594202899e+00, 8.0577624830e+02, 9.3704563069e-14, 5.3000000000e+05, 
1.7955662116e+00, 9.7986002235e+02, 2.1435302377e+02, 7.8140626856e+05, 
1.1594202899e+00, 8.0577624830e+02, -8.2309275762e-14, 5.3000000000e+05, 
1.2488715763e+00, 8.4753230690e+02, 2.9646869907e+01, 5.6722470553e+05, 
1.1594202899e+00, 8.0577624830e+02, -1.0488126109e-13, 5.3000000000e+05, 
